site,doy,lat,lon,value_precip_cm,index_GDD_cum,index_HDD_cum,index_SDD_cum,Year,Variety,Harvestdate,Avg_cluster,50_berry,Avg_berry,Brix,pH,TA,Label,value_meanTemp_C,value_meanDiurnal_C,Sample,Aroma,FF_Aroma,Fl_Aroma,H_Aroma,Ripeness,Flavor,Sweetness,Sourness,Bitterness,Astringency,Alcohol,Herbaceous,Cooked_veg,Mushroom,Pepper,Cherry,Black_Currant,Jammy,Other,Pleasing,Like,Ripeness2,Notes
FER,262.0,47.56561,-96.13596,47.72343829497245,479.8138527499357,41.22024974067061,0.0,2020,Marquette,2020-09-18,98.67,67.76,1.36,21.0,3.07,13.15,MQ-FER-918,17.538912585560315,11.574970143861044,604,10.5,5.0,5.8,5.1,Under Ripe,9.8,0.7,6.4,6.1,5.1,Moderate,5.9,6.2,5.7,1.8,2.9,3.4,7.3,,Unpleasant,No,Under Ripe,
FER,262.0,47.56561,-96.13596,47.72343829497245,479.8138527499357,41.22024974067061,0.0,2020,Marquette,2020-09-18,98.67,67.76,1.36,21.0,3.07,13.15,MQ-FER-918,17.538912585560315,11.574970143861044,604,7.1,5.0,14.0,4.8,Ripe,7.3,10.2,3.7,4.0,0.8,Moderate,0.0,0.0,0.0,1.6,10.4,0.5,10.2,,Pleasant,Yes,Ripe,Delicious! 
FER,262.0,47.56561,-96.13596,47.72343829497245,479.8138527499357,41.22024974067061,0.0,2020,Marquette,2020-09-18,98.67,67.76,1.36,21.0,3.07,13.15,MQ-FER-918,17.538912585560315,11.574970143861044,604,11.0,6.0,6.0,8.0,Under Ripe,8.8,6.2,9.1,9.1,3.0,Moderate,10.1,10.4,5.2,4.8,5.2,4.0,6.0,,Unpleasant,No,Under Ripe,
FER,262.0,47.56561,-96.13596,47.72343829497245,479.8138527499357,41.22024974067061,0.0,2020,Marquette,2020-09-18,98.67,67.76,1.36,21.0,3.07,13.15,MQ-FER-918,17.538912585560315,11.574970143861044,604,15.0,5.1,0.0,14.0,Under Ripe,10.3,9.9,0.0,0.0,5.0,Too High,1.0,0.0,0.0,1.0,4.0,10.1,13.6,,Pleasant,Yes,Ripe,
FER,262.0,47.56561,-96.13596,47.72343829497245,479.8138527499357,41.22024974067061,0.0,2020,Marquette,2020-09-18,98.67,67.76,1.36,21.0,3.07,13.15,MQ-FER-918,17.538912585560315,11.574970143861044,604,12.1,10.5,11.6,7.0,Ripe,13.1,0.4,14.3,11.5,9.2,Ideal,15.1,13.2,3.3,2.5,4.4,8.1,3.1,Wet leaves in a plastic bag,Unpleasant,No,Under Ripe,"That wine seems faulted with V.A., it's sour and herbaceous for flavors "
FER,262.0,47.56561,-96.13596,47.72343829497245,479.8138527499357,41.22024974067061,0.0,2020,Marquette,2020-09-18,98.67,67.76,1.36,21.0,3.07,13.15,MQ-FER-918,17.538912585560315,11.574970143861044,630,10.5,7.9,4.3,3.3,Ripe,12.8,3.3,4.2,2.8,2.0,Moderate,5.1,4.7,3.5,4.2,3.7,3.7,6.2,,Unpleasant,No,Under Ripe,
FER,262.0,47.56561,-96.13596,47.72343829497245,479.8138527499357,41.22024974067061,0.0,2020,Marquette,2020-09-18,98.67,67.76,1.36,21.0,3.07,13.15,MQ-FER-918,17.538912585560315,11.574970143861044,630,6.3,4.4,13.4,0.0,Ripe,6.3,2.4,6.6,2.3,4.7,Ideal,2.1,0.0,0.0,1.6,0.0,4.9,3.5,,Pleasant,Yes,Under Ripe,This was actually #630
FER,262.0,47.56561,-96.13596,47.72343829497245,479.8138527499357,41.22024974067061,0.0,2020,Marquette,2020-09-18,98.67,67.76,1.36,21.0,3.07,13.15,MQ-FER-918,17.538912585560315,11.574970143861044,630,8.1,7.2,7.1,5.1,Ripe,7.5,3.4,3.5,2.1,2.1,Moderate,1.9,2.0,1.5,2.1,2.1,2.3,2.1,,Pleasant,Yes,Ripe,
FER,262.0,47.56561,-96.13596,47.72343829497245,479.8138527499357,41.22024974067061,0.0,2020,Marquette,2020-09-18,98.67,67.76,1.36,21.0,3.07,13.15,MQ-FER-918,17.538912585560315,11.574970143861044,630,13.3,8.1,7.1,0.0,Ripe,10.0,6.0,3.0,0.0,0.0,Too Low,2.0,0.0,0.0,0.0,5.0,7.0,4.0,,Pleasant,Yes,Ripe,
FER,262.0,47.56561,-96.13596,47.72343829497245,479.8138527499357,41.22024974067061,0.0,2020,Marquette,2020-09-18,98.67,67.76,1.36,21.0,3.07,13.15,MQ-FER-918,17.538912585560315,11.574970143861044,630,11.3,8.2,8.7,9.9,Under Ripe,12.6,0.4,12.4,7.5,5.5,Moderate,13.2,8.8,2.3,0.4,4.9,8.4,1.8,Olive,Unpleasant,No,Under Ripe,"Sour, plastic and herbaceous flavors "
FER,269.0,47.56561,-96.13596,48.63602054115131,492.5892904656251,41.22024974067061,0.0,2020,Marquette,2020-09-25,56.0,66.74,1.33,22.9,3.06,10.51,MQ-FER-925,17.523421159973502,11.646497599333234,412,9.1,8.0,0.0,2.0,Ripe,10.1,1.0,8.1,3.1,0.0,Moderate,1.0,1.0,0.0,1.0,9.0,0.0,2.0,,Pleasant,Yes,Ripe,"Little sour, but less green than others"
FER,269.0,47.56561,-96.13596,48.63602054115131,492.5892904656251,41.22024974067061,0.0,2020,Marquette,2020-09-25,56.0,66.74,1.33,22.9,3.06,10.51,MQ-FER-925,17.523421159973502,11.646497599333234,412,8.5,8.1,8.1,11.6,Under Ripe,9.2,4.7,13.3,11.8,15.9,Moderate,6.8,1.4,1.3,1.4,3.2,4.8,1.0,,Unpleasant,No,Ripe,
FER,269.0,47.56561,-96.13596,48.63602054115131,492.5892904656251,41.22024974067061,0.0,2020,Marquette,2020-09-25,56.0,66.74,1.33,22.9,3.06,10.51,MQ-FER-925,17.523421159973502,11.646497599333234,412,7.3,5.4,5.5,0.8,Ripe,9.3,4.4,3.9,3.0,6.6,Ideal,0.3,0.0,3.9,2.8,4.6,4.5,0.0,,Pleasant,Yes,Ripe,
FER,269.0,47.56561,-96.13596,48.63602054115131,492.5892904656251,41.22024974067061,0.0,2020,Marquette,2020-09-25,56.0,66.74,1.33,22.9,3.06,10.51,MQ-FER-925,17.523421159973502,11.646497599333234,412,4.1,3.9,2.0,0.0,Ripe,9.0,4.0,7.5,3.0,6.0,Too High,2.1,0.0,0.0,2.0,3.9,5.0,6.1,Hint of blueberry? ,Pleasant,Yes,Ripe,
FER,269.0,47.56561,-96.13596,48.63602054115131,492.5892904656251,41.22024974067061,0.0,2020,Marquette,2020-09-25,56.0,66.74,1.33,22.9,3.06,10.51,MQ-FER-925,17.523421159973502,11.646497599333234,412,5.8,7.1,2.2,0.0,Under Ripe,9.9,1.1,7.4,0.0,5.2,Moderate,0.0,0.0,0.0,4.0,9.0,6.0,3.0,,Pleasant,No,Under Ripe,
FER,269.0,47.56561,-96.13596,48.63602054115131,492.5892904656251,41.22024974067061,0.0,2020,Marquette,2020-09-25,56.0,66.74,1.33,22.9,3.06,10.51,MQ-FER-925,17.523421159973502,11.646497599333234,438,6.0,5.0,0.0,4.0,Under Ripe,11.0,2.0,9.0,5.0,1.9,Ideal,3.9,5.0,0.0,5.1,8.0,0.0,0.0,,Unpleasant,No,Under Ripe,Bitter and sour
FER,269.0,47.56561,-96.13596,48.63602054115131,492.5892904656251,41.22024974067061,0.0,2020,Marquette,2020-09-25,56.0,66.74,1.33,22.9,3.06,10.51,MQ-FER-925,17.523421159973502,11.646497599333234,438,10.8,13.5,13.1,6.0,Ripe,14.8,1.7,16.3,17.7,14.3,Moderate,0.4,0.4,0.4,0.5,4.9,5.5,0.3,,Unpleasant,No,Ripe,
FER,269.0,47.56561,-96.13596,48.63602054115131,492.5892904656251,41.22024974067061,0.0,2020,Marquette,2020-09-25,56.0,66.74,1.33,22.9,3.06,10.51,MQ-FER-925,17.523421159973502,11.646497599333234,438,8.9,5.0,3.4,0.0,Ripe,10.0,4.0,4.1,1.1,4.1,Ideal,0.0,0.0,1.9,1.0,5.7,4.9,1.1,Blackberry ,Pleasant,Yes,Ripe,
FER,269.0,47.56561,-96.13596,48.63602054115131,492.5892904656251,41.22024974067061,0.0,2020,Marquette,2020-09-25,56.0,66.74,1.33,22.9,3.06,10.51,MQ-FER-925,17.523421159973502,11.646497599333234,438,7.0,6.0,3.0,0.0,Over Ripe,14.0,8.0,13.0,7.9,6.0,Ideal,4.0,2.1,3.9,8.1,2.0,5.0,3.0,,Unpleasant,No,Ripe,
FER,269.0,47.56561,-96.13596,48.63602054115131,492.5892904656251,41.22024974067061,0.0,2020,Marquette,2020-09-25,56.0,66.74,1.33,22.9,3.06,10.51,MQ-FER-925,17.523421159973502,11.646497599333234,438,6.0,4.7,2.8,0.0,Under Ripe,6.5,1.2,11.0,1.0,7.9,Moderate,0.0,0.0,3.4,2.0,4.1,6.0,1.4,,Unpleasant,No,Under Ripe,
HRC,259.0,44.867585,-93.635,72.12702292823228,1327.3992410742271,386.2121271399588,0.0,2020,Marquette,2020-09-15,126.33,66.36,1.33,25.4,2.92,9.12,MQ-HRC-915,17.51523590555596,11.572431175191452,308,9.9,4.1,1.5,5.8,Ripe,11.0,2.1,4.7,2.0,3.0,Moderate,0.9,0.0,1.0,3.0,2.9,3.0,2.0,"Mace, black pepper, smoke ",Unpleasant,Yes,Ripe,
HRC,259.0,44.867585,-93.635,72.12702292823228,1327.3992410742271,386.2121271399588,0.0,2020,Marquette,2020-09-15,126.33,66.36,1.33,25.4,2.92,9.12,MQ-HRC-915,17.51523590555596,11.572431175191452,308,15.1,9.9,3.0,2.0,Ripe,11.9,1.0,12.5,5.0,7.1,Moderate,4.1,2.0,5.0,3.0,8.0,5.0,2.5,,Unpleasant,No,Under Ripe,
HRC,259.0,44.867585,-93.635,72.12702292823228,1327.3992410742271,386.2121271399588,0.0,2020,Marquette,2020-09-15,126.33,66.36,1.33,25.4,2.92,9.12,MQ-HRC-915,17.51523590555596,11.572431175191452,308,10.5,8.5,12.4,4.4,Under Ripe,5.4,3.4,15.3,15.3,14.4,Moderate,11.6,6.7,12.7,15.7,5.6,5.6,5.7,,Unpleasant,No,Under Ripe,
HRC,259.0,44.867585,-93.635,72.12702292823228,1327.3992410742271,386.2121271399588,0.0,2020,Marquette,2020-09-15,126.33,66.36,1.33,25.4,2.92,9.12,MQ-HRC-915,17.51523590555596,11.572431175191452,308,14.4,14.4,15.3,14.5,Ripe,10.3,4.6,8.6,4.4,6.4,Moderate,10.2,7.2,2.1,3.7,6.6,5.4,3.4,,Pleasant,No,Under Ripe,
HRC,259.0,44.867585,-93.635,72.12702292823228,1327.3992410742271,386.2121271399588,0.0,2020,Marquette,2020-09-15,126.33,66.36,1.33,25.4,2.92,9.12,MQ-HRC-915,17.51523590555596,11.572431175191452,308,5.0,,5.6,8.0,Ripe,5.0,3.1,9.1,9.1,8.9,Moderate,6.3,6.2,6.1,8.2,,,,,,,,
HRC,259.0,44.867585,-93.635,72.12702292823228,1327.3992410742271,386.2121271399588,0.0,2020,Marquette,2020-09-15,126.33,66.36,1.33,25.4,2.92,9.12,MQ-HRC-915,17.51523590555596,11.572431175191452,334,8.1,3.6,0.0,0.0,Under Ripe,9.9,1.0,10.1,1.0,4.1,Moderate,2.6,0.0,0.8,0.0,4.9,0.0,0.0,,Unpleasant,Yes,Ripe,ANother quite sour one!
HRC,259.0,44.867585,-93.635,72.12702292823228,1327.3992410742271,386.2121271399588,0.0,2020,Marquette,2020-09-15,126.33,66.36,1.33,25.4,2.92,9.12,MQ-HRC-915,17.51523590555596,11.572431175191452,334,16.1,12.9,2.1,4.0,Ripe,16.0,2.0,7.4,1.5,8.0,Ideal,1.2,2.5,3.1,2.4,14.1,15.2,11.0,,Pleasant,Yes,Ripe,
HRC,259.0,44.867585,-93.635,72.12702292823228,1327.3992410742271,386.2121271399588,0.0,2020,Marquette,2020-09-15,126.33,66.36,1.33,25.4,2.92,9.12,MQ-HRC-915,17.51523590555596,11.572431175191452,334,11.5,14.4,11.5,8.4,Ripe,16.3,4.4,6.6,6.6,16.4,Ideal,4.9,4.7,4.7,7.8,14.6,15.4,12.7,,Pleasant,Yes,Ripe,
HRC,259.0,44.867585,-93.635,72.12702292823228,1327.3992410742271,386.2121271399588,0.0,2020,Marquette,2020-09-15,126.33,66.36,1.33,25.4,2.92,9.12,MQ-HRC-915,17.51523590555596,11.572431175191452,334,6.6,6.6,7.6,4.5,Ripe,4.3,2.6,7.4,7.4,6.4,Too Low,3.7,2.7,2.8,6.7,7.4,7.1,8.4,,Pleasant,No,Under Ripe,
HRC,259.0,44.867585,-93.635,72.12702292823228,1327.3992410742271,386.2121271399588,0.0,2020,Marquette,2020-09-15,126.33,66.36,1.33,25.4,2.92,9.12,MQ-HRC-915,17.51523590555596,11.572431175191452,334,10.0,12.0,10.9,10.0,Ripe,12.0,10.9,10.0,11.1,10.0,Ideal,7.3,7.3,7.3,8.2,11.0,10.2,12.0,,Pleasant,Yes,Ripe,
HRC,266.0,44.867585,-93.635,70.65423650401831,1359.622342656972,388.0426435517792,0.0,2020,Marquette,2020-09-22,81.17,68.77,1.38,26.7,2.96,8.88,MQ-HRC-922,17.53169841197015,11.609667389180705,207,12.2,11.3,0.3,0.4,Ripe,14.2,4.5,3.7,1.7,3.9,Ideal,4.3,1.9,3.5,1.9,1.7,9.5,7.7,,Pleasant,Yes,Ripe,
HRC,266.0,44.867585,-93.635,70.65423650401831,1359.622342656972,388.0426435517792,0.0,2020,Marquette,2020-09-22,81.17,68.77,1.38,26.7,2.96,8.88,MQ-HRC-922,17.53169841197015,11.609667389180705,207,4.4,3.2,1.4,0.8,Under Ripe,5.0,2.8,3.8,12.5,13.5,Too High,0.0,0.0,0.4,0.7,0.2,2.1,1.5,,Unpleasant,No,Under Ripe,
HRC,266.0,44.867585,-93.635,70.65423650401831,1359.622342656972,388.0426435517792,0.0,2020,Marquette,2020-09-22,81.17,68.77,1.38,26.7,2.96,8.88,MQ-HRC-922,17.53169841197015,11.609667389180705,207,9.0,6.9,8.0,5.0,Ripe,9.3,5.0,4.8,3.9,3.0,Ideal,2.0,2.2,2.4,3.0,7.1,7.2,7.2,,Pleasant,Yes,Ripe,
HRC,266.0,44.867585,-93.635,70.65423650401831,1359.622342656972,388.0426435517792,0.0,2020,Marquette,2020-09-22,81.17,68.77,1.38,26.7,2.96,8.88,MQ-HRC-922,17.53169841197015,11.609667389180705,207,14.0,5.0,12.7,7.2,Ripe,8.4,1.1,3.0,15.0,11.0,Ideal,6.1,1.0,6.0,10.0,11.0,11.0,6.0,,Pleasant,No,Ripe,
HRC,266.0,44.867585,-93.635,70.65423650401831,1359.622342656972,388.0426435517792,0.0,2020,Marquette,2020-09-22,81.17,68.77,1.38,26.7,2.96,8.88,MQ-HRC-922,17.53169841197015,11.609667389180705,207,11.0,8.8,10.8,8.6,Ripe,14.3,2.3,8.3,6.0,4.3,Too High,8.0,9.0,4.3,0.3,10.4,7.9,10.8,Prune ,Pleasant,Yes,Ripe,The acid seems more intense because of the higher alcohol content 
HRC,266.0,44.867585,-93.635,70.65423650401831,1359.622342656972,388.0426435517792,0.0,2020,Marquette,2020-09-22,81.17,68.77,1.38,26.7,2.96,8.88,MQ-HRC-922,17.53169841197015,11.609667389180705,233,11.8,10.0,2.6,0.8,Ripe,12.1,1.0,8.0,5.7,8.6,Ideal,5.0,1.4,5.6,4.9,5.6,10.4,9.5,,Pleasant,Yes,Ripe,
HRC,266.0,44.867585,-93.635,70.65423650401831,1359.622342656972,388.0426435517792,0.0,2020,Marquette,2020-09-22,81.17,68.77,1.38,26.7,2.96,8.88,MQ-HRC-922,17.53169841197015,11.609667389180705,233,4.0,7.4,3.1,0.6,Under Ripe,5.3,3.0,9.8,8.1,10.7,Too High,4.4,2.0,0.0,1.6,0.0,0.0,0.0,,Unpleasant,No,Under Ripe,
HRC,266.0,44.867585,-93.635,70.65423650401831,1359.622342656972,388.0426435517792,0.0,2020,Marquette,2020-09-22,81.17,68.77,1.38,26.7,2.96,8.88,MQ-HRC-922,17.53169841197015,11.609667389180705,233,5.5,4.4,4.5,2.0,Ripe,8.8,5.0,4.8,3.6,2.5,Ideal,2.1,1.1,0.5,1.0,4.1,4.9,5.0,,Pleasant,Yes,Ripe,
HRC,266.0,44.867585,-93.635,70.65423650401831,1359.622342656972,388.0426435517792,0.0,2020,Marquette,2020-09-22,81.17,68.77,1.38,26.7,2.96,8.88,MQ-HRC-922,17.53169841197015,11.609667389180705,233,12.0,8.1,8.0,0.0,Ripe,15.1,0.0,2.2,12.0,2.8,Too High,12.0,3.0,8.0,4.0,6.0,10.0,3.0,,Pleasant,Yes,Ripe,
HRC,266.0,44.867585,-93.635,70.65423650401831,1359.622342656972,388.0426435517792,0.0,2020,Marquette,2020-09-22,81.17,68.77,1.38,26.7,2.96,8.88,MQ-HRC-922,17.53169841197015,11.609667389180705,233,11.5,7.2,8.6,10.7,Ripe,13.4,3.5,11.5,4.0,5.6,Too High,11.6,10.9,5.1,0.7,11.0,7.8,7.0,Black olives ,Pleasant,Yes,Ripe,"The wine had some good flavors and body, but acidity is still too high"
SMI,259.0,44.41897,-92.942041,73.6429327650079,1921.226222843083,873.1747774389148,18.890183881132057,2020,Marquette,2020-09-15,132.83,84.17,1.68,22.0,3.05,10.4,MQ-SMI-915,17.51523590555596,11.572431175191452,504,11.0,8.3,3.2,1.1,Under Ripe,15.6,1.2,18.7,6.1,18.6,Moderate,2.5,0.6,2.2,2.8,6.3,5.7,0.0,raspberry ,Unpleasant,No,Under Ripe,"really didnt like, reminded me of underipe berries and too bitter"
SMI,259.0,44.41897,-92.942041,73.6429327650079,1921.226222843083,873.1747774389148,18.890183881132057,2020,Marquette,2020-09-15,132.83,84.17,1.68,22.0,3.05,10.4,MQ-SMI-915,17.51523590555596,11.572431175191452,504,13.5,13.1,2.5,4.3,Ripe,11.3,2.8,10.1,4.7,2.6,Ideal,4.9,3.2,4.1,6.9,8.1,4.5,5.7,Earthiness and woodiness,Pleasant,Yes,Ripe,
SMI,259.0,44.41897,-92.942041,73.6429327650079,1921.226222843083,873.1747774389148,18.890183881132057,2020,Marquette,2020-09-15,132.83,84.17,1.68,22.0,3.05,10.4,MQ-SMI-915,17.51523590555596,11.572431175191452,504,10.0,8.0,5.0,8.0,Under Ripe,13.0,0.0,9.0,7.0,3.0,Ideal,10.0,0.0,0.0,7.0,8.0,0.0,0.0,,Pleasant,Yes,Under Ripe,Still too acidic 
SMI,259.0,44.41897,-92.942041,73.6429327650079,1921.226222843083,873.1747774389148,18.890183881132057,2020,Marquette,2020-09-15,132.83,84.17,1.68,22.0,3.05,10.4,MQ-SMI-915,17.51523590555596,11.572431175191452,504,10.7,10.3,3.2,9.4,Ripe,8.0,2.0,8.0,2.0,2.0,Moderate,7.9,4.1,8.0,2.9,3.0,0.5,0.5,Blackberry,Pleasant,Yes,Ripe,Nicely balanced without one flavor or aroma overpowering any other
SMI,259.0,44.41897,-92.942041,73.6429327650079,1921.226222843083,873.1747774389148,18.890183881132057,2020,Marquette,2020-09-15,132.83,84.17,1.68,22.0,3.05,10.4,MQ-SMI-915,17.51523590555596,11.572431175191452,504,14.5,13.0,3.0,5.0,Ripe,14.0,4.0,13.0,16.0,11.5,Ideal,4.5,0.0,0.0,2.0,14.0,4.0,6.0,,Unpleasant,Yes,Ripe,Fruit forward but masked by acid
SMI,259.0,44.41897,-92.942041,73.6429327650079,1921.226222843083,873.1747774389148,18.890183881132057,2020,Marquette,2020-09-15,132.83,84.17,1.68,22.0,3.05,10.4,MQ-SMI-915,17.51523590555596,11.572431175191452,530,4.2,2.3,4.2,0.6,Under Ripe,6.4,2.3,5.2,1.5,2.2,Moderate,2.4,0.1,1.1,3.9,1.7,3.2,0.5,,Unpleasant,No,Under Ripe,"very plain, Not ready under ripe. liked the soft Nose, was sweet smelling"
SMI,259.0,44.41897,-92.942041,73.6429327650079,1921.226222843083,873.1747774389148,18.890183881132057,2020,Marquette,2020-09-15,132.83,84.17,1.68,22.0,3.05,10.4,MQ-SMI-915,17.51523590555596,11.572431175191452,530,15.7,13.8,7.8,7.5,Over Ripe,12.3,1.2,7.4,4.9,5.3,Ideal,10.7,3.6,3.6,7.0,6.8,8.0,5.0,Licorice ,Pleasant,Yes,Ripe,
SMI,259.0,44.41897,-92.942041,73.6429327650079,1921.226222843083,873.1747774389148,18.890183881132057,2020,Marquette,2020-09-15,132.83,84.17,1.68,22.0,3.05,10.4,MQ-SMI-915,17.51523590555596,11.572431175191452,530,12.0,8.0,0.0,10.0,Under Ripe,12.0,0.0,8.0,4.0,2.0,Ideal,6.0,0.0,0.0,4.0,10.0,0.0,8.0,Raspberry ,Pleasant,Yes,Ripe,"Fairly well balanced, only slightly tart"
SMI,259.0,44.41897,-92.942041,73.6429327650079,1921.226222843083,873.1747774389148,18.890183881132057,2020,Marquette,2020-09-15,132.83,84.17,1.68,22.0,3.05,10.4,MQ-SMI-915,17.51523590555596,11.572431175191452,530,13.5,10.7,7.6,6.4,Ripe,10.2,3.7,10.2,3.2,4.4,Ideal,5.8,4.2,6.5,8.8,10.2,6.6,6.8,"Cinnamon, chocolate (aromas)",Pleasant,Yes,Ripe,This wine was fairly well balanced and nicely complex in aromas and flavors
SMI,259.0,44.41897,-92.942041,73.6429327650079,1921.226222843083,873.1747774389148,18.890183881132057,2020,Marquette,2020-09-15,132.83,84.17,1.68,22.0,3.05,10.4,MQ-SMI-915,17.51523590555596,11.572431175191452,530,14.0,12.0,0.0,3.1,Ripe,13.0,2.0,17.0,11.0,7.9,Moderate,2.5,0.0,2.0,1.0,10.0,5.1,5.0,,Unpleasant,No,Ripe,Acid.
ASH,266.0,46.050133,-95.87849,75.12267307916228,1192.937709410389,293.9264198951343,0.0,2019,Marquette,2019-09-23,90.0,64.23,1.29,25.2,2.82,12.67,MQ-ASH-923,17.53169841197015,11.609667389180705,307,8.5,4.0,2.1,2.0,Ripe,10.1,2.9,6.0,0.0,0.0,Moderate,2.1,0.0,0.0,0.0,5.7,2.3,2.5,,Pleasant,Yes,Ripe,"Smelled a little hot, but didn’t taste overly alcoholic on the palate. "
ASH,266.0,46.050133,-95.87849,75.12267307916228,1192.937709410389,293.9264198951343,0.0,2019,Marquette,2019-09-23,90.0,64.23,1.29,25.2,2.82,12.67,MQ-ASH-923,17.53169841197015,11.609667389180705,307,11.0,15.0,5.2,8.0,Ripe,14.0,1.5,7.9,5.0,8.1,Moderate,2.0,3.0,5.0,3.0,9.9,8.0,4.0,,Pleasant,Yes,Ripe,
ASH,266.0,46.050133,-95.87849,75.12267307916228,1192.937709410389,293.9264198951343,0.0,2019,Marquette,2019-09-23,90.0,64.23,1.29,25.2,2.82,12.67,MQ-ASH-923,17.53169841197015,11.609667389180705,307,10.6,12.3,6.4,5.5,Ripe,16.4,10.4,5.6,5.4,4.4,Moderate,10.8,3.7,5.6,5.7,16.6,16.3,11.7,,Pleasant,Yes,Ripe,
ASH,266.0,46.050133,-95.87849,75.12267307916228,1192.937709410389,293.9264198951343,0.0,2019,Marquette,2019-09-23,90.0,64.23,1.29,25.2,2.82,12.67,MQ-ASH-923,17.53169841197015,11.609667389180705,307,11.0,12.0,10.9,9.0,Ripe,14.3,13.4,2.4,4.4,5.4,Ideal,6.7,6.7,3.6,6.8,6.1,4.6,2.7,,Pleasant,Yes,Ripe,
ASH,266.0,46.050133,-95.87849,75.12267307916228,1192.937709410389,293.9264198951343,0.0,2019,Marquette,2019-09-23,90.0,64.23,1.29,25.2,2.82,12.67,MQ-ASH-923,17.53169841197015,11.609667389180705,307,7.0,6.0,8.1,7.1,Ripe,8.0,7.0,6.0,7.1,7.1,Moderate,8.2,9.2,6.3,8.1,6.0,7.1,8.0,,Pleasant,Yes,Ripe,
ASH,266.0,46.050133,-95.87849,75.12267307916228,1192.937709410389,293.9264198951343,0.0,2019,Marquette,2019-09-23,90.0,64.23,1.29,25.2,2.82,12.67,MQ-ASH-923,17.53169841197015,11.609667389180705,333,10.5,3.1,0.0,3.7,Under Ripe,12.0,3.0,5.0,0.0,0.0,Moderate,3.5,0.0,0.0,1.0,4.0,0.0,4.0,,Pleasant,Yes,Ripe,
ASH,266.0,46.050133,-95.87849,75.12267307916228,1192.937709410389,293.9264198951343,0.0,2019,Marquette,2019-09-23,90.0,64.23,1.29,25.2,2.82,12.67,MQ-ASH-923,17.53169841197015,11.609667389180705,333,14.1,12.6,6.4,5.1,Ripe,16.1,2.5,5.0,4.0,5.0,Ideal,1.3,1.7,4.1,2.2,13.8,12.4,13.1,,Pleasant,Yes,Ripe,
ASH,266.0,46.050133,-95.87849,75.12267307916228,1192.937709410389,293.9264198951343,0.0,2019,Marquette,2019-09-23,90.0,64.23,1.29,25.2,2.82,12.67,MQ-ASH-923,17.53169841197015,11.609667389180705,333,16.4,16.3,14.4,6.5,Ripe,14.3,3.3,10.3,7.3,14.3,Moderate,6.8,3.8,4.8,7.7,10.4,9.6,7.8,,Pleasant,No,Ripe,
ASH,266.0,46.050133,-95.87849,75.12267307916228,1192.937709410389,293.9264198951343,0.0,2019,Marquette,2019-09-23,90.0,64.23,1.29,25.2,2.82,12.67,MQ-ASH-923,17.53169841197015,11.609667389180705,333,10.6,11.5,11.5,9.4,Ripe,7.6,2.3,6.4,5.3,4.6,Moderate,6.7,4.8,2.8,6.8,5.6,5.6,8.6,,Unpleasant,No,Under Ripe,
ASH,266.0,46.050133,-95.87849,75.12267307916228,1192.937709410389,293.9264198951343,0.0,2019,Marquette,2019-09-23,90.0,64.23,1.29,25.2,2.82,12.67,MQ-ASH-923,17.53169841197015,11.609667389180705,333,11.0,12.0,14.1,10.9,Ripe,13.0,11.0,12.0,11.0,11.0,Moderate,11.2,10.2,13.1,10.0,9.1,9.1,9.1,,Pleasant,Yes,Ripe,
ASH,273.0,46.050133,-95.87849,80.10855324207465,1210.2248874603297,293.9264198951343,0.0,2019,Marquette,2019-09-30,126.33,67.94,1.36,24.7,2.83,13.6,MQ-ASH-930,17.40941784722696,11.603784539580522,304,12.9,9.0,1.4,1.0,Ripe,11.9,2.5,4.9,0.0,0.0,Moderate,1.8,0.0,0.8,0.0,5.5,3.6,4.6,,Pleasant,Yes,Ripe,"The more moderate sourness and touch of sweetness made this one of the more balance wines—still Not amazing, but more pleasant overall "
ASH,273.0,46.050133,-95.87849,80.10855324207465,1210.2248874603297,293.9264198951343,0.0,2019,Marquette,2019-09-30,126.33,67.94,1.36,24.7,2.83,13.6,MQ-ASH-930,17.40941784722696,11.603784539580522,304,12.9,11.0,8.0,4.0,Under Ripe,16.0,1.5,12.9,4.0,10.1,Ideal,3.0,3.0,4.1,2.3,9.1,11.7,7.7,,Pleasant,Yes,Ripe,
ASH,273.0,46.050133,-95.87849,80.10855324207465,1210.2248874603297,293.9264198951343,0.0,2019,Marquette,2019-09-30,126.33,67.94,1.36,24.7,2.83,13.6,MQ-ASH-930,17.40941784722696,11.603784539580522,304,12.2,14.3,10.5,5.5,Ripe,14.4,3.4,5.4,3.4,7.6,Ideal,4.8,5.4,5.6,6.8,14.4,14.4,11.6,,Pleasant,Yes,Ripe,
ASH,273.0,46.050133,-95.87849,80.10855324207465,1210.2248874603297,293.9264198951343,0.0,2019,Marquette,2019-09-30,126.33,67.94,1.36,24.7,2.83,13.6,MQ-ASH-930,17.40941784722696,11.603784539580522,304,14.1,8.4,11.0,10.0,Ripe,14.4,11.6,1.9,1.3,2.0,Ideal,10.8,3.6,2.7,1.9,9.4,6.4,1.3,,Pleasant,Yes,Ripe,
ASH,273.0,46.050133,-95.87849,80.10855324207465,1210.2248874603297,293.9264198951343,0.0,2019,Marquette,2019-09-30,126.33,67.94,1.36,24.7,2.83,13.6,MQ-ASH-930,17.40941784722696,11.603784539580522,304,7.1,7.1,8.0,7.1,Ripe,15.0,6.0,8.0,10.0,10.0,Moderate,7.2,6.1,4.2,10.2,12.0,10.1,8.1,,Pleasant,Yes,Ripe,
ASH,273.0,46.050133,-95.87849,80.10855324207465,1210.2248874603297,293.9264198951343,0.0,2019,Marquette,2019-09-30,126.33,67.94,1.36,24.7,2.83,13.6,MQ-ASH-930,17.40941784722696,11.603784539580522,330,7.3,1.4,1.6,3.6,Under Ripe,7.0,3.7,4.1,0.0,0.0,Moderate,3.4,0.0,0.0,0.0,5.5,1.5,4.1,,Pleasant,Yes,Ripe,
ASH,273.0,46.050133,-95.87849,80.10855324207465,1210.2248874603297,293.9264198951343,0.0,2019,Marquette,2019-09-30,126.33,67.94,1.36,24.7,2.83,13.6,MQ-ASH-930,17.40941784722696,11.603784539580522,330,12.5,6.9,1.9,4.3,Ripe,12.9,1.7,10.0,3.1,5.6,Ideal,2.3,1.2,1.2,1.7,8.1,6.2,8.1,,Unpleasant,No,Over Ripe,
ASH,273.0,46.050133,-95.87849,80.10855324207465,1210.2248874603297,293.9264198951343,0.0,2019,Marquette,2019-09-30,126.33,67.94,1.36,24.7,2.83,13.6,MQ-ASH-930,17.40941784722696,11.603784539580522,330,14.4,10.6,7.6,4.4,Ripe,14.4,4.4,5.4,4.3,9.4,Ideal,3.8,3.8,5.7,7.7,11.6,13.6,10.6,,Pleasant,Yes,Ripe,
ASH,273.0,46.050133,-95.87849,80.10855324207465,1210.2248874603297,293.9264198951343,0.0,2019,Marquette,2019-09-30,126.33,67.94,1.36,24.7,2.83,13.6,MQ-ASH-930,17.40941784722696,11.603784539580522,330,16.5,16.6,15.5,15.3,Ripe,11.4,5.3,4.4,4.4,3.4,Moderate,8.8,5.7,3.8,6.8,4.6,4.6,3.4,,Pleasant,No,Ripe,
ASH,273.0,46.050133,-95.87849,80.10855324207465,1210.2248874603297,293.9264198951343,0.0,2019,Marquette,2019-09-30,126.33,67.94,1.36,24.7,2.83,13.6,MQ-ASH-930,17.40941784722696,11.603784539580522,330,17.0,15.9,14.0,15.0,Ripe,17.0,13.0,15.0,8.0,11.0,Moderate,10.1,12.2,10.2,8.2,12.1,10.1,11.1,,Pleasant,Yes,Ripe,favorite
BUF,273.0,46.902652,-97.495103,34.76678554369369,956.8391293626546,185.0653377893874,0.0,2019,Marquette,2019-09-30,72.83,68.33,1.37,21.3,2.92,13.81,MQ-BUF-930,17.40941784722696,11.603784539580522,104,12.0,14.0,10.0,2.0,Ripe,8.0,0.0,12.0,8.0,3.0,Ideal,0.0,0.0,0.0,0.0,10.0,10.0,0.0,,Unpleasant,No,Under Ripe,
BUF,273.0,46.902652,-97.495103,34.76678554369369,956.8391293626546,185.0653377893874,0.0,2019,Marquette,2019-09-30,72.83,68.33,1.37,21.3,2.92,13.81,MQ-BUF-930,17.40941784722696,11.603784539580522,104,11.0,5.5,5.3,13.5,Under Ripe,6.6,3.6,8.4,4.6,5.7,Moderate,12.8,3.8,3.7,7.9,5.6,3.7,2.6,,Unpleasant,No,Under Ripe,
BUF,273.0,46.902652,-97.495103,34.76678554369369,956.8391293626546,185.0653377893874,0.0,2019,Marquette,2019-09-30,72.83,68.33,1.37,21.3,2.92,13.81,MQ-BUF-930,17.40941784722696,11.603784539580522,104,8.7,3.4,7.8,10.8,Ripe,9.9,3.6,2.7,1.6,13.3,Ideal,13.7,1.2,7.1,10.0,3.1,1.5,0.7,,Pleasant,Yes,Ripe,
BUF,273.0,46.902652,-97.495103,34.76678554369369,956.8391293626546,185.0653377893874,0.0,2019,Marquette,2019-09-30,72.83,68.33,1.37,21.3,2.92,13.81,MQ-BUF-930,17.40941784722696,11.603784539580522,104,9.6,7.6,0.9,6.2,Over Ripe,10.1,0.5,9.8,6.0,10.0,Moderate,3.7,0.7,0.6,0.6,9.0,9.1,0.7,,Unpleasant,No,Under Ripe,
BUF,273.0,46.902652,-97.495103,34.76678554369369,956.8391293626546,185.0653377893874,0.0,2019,Marquette,2019-09-30,72.83,68.33,1.37,21.3,2.92,13.81,MQ-BUF-930,17.40941784722696,11.603784539580522,104,15.5,13.4,0.7,0.6,Ripe,12.4,0.7,10.4,1.4,7.6,Moderate,6.6,0.8,0.9,10.7,,,,,,,,
BUF,273.0,46.902652,-97.495103,34.76678554369369,956.8391293626546,185.0653377893874,0.0,2019,Marquette,2019-09-30,72.83,68.33,1.37,21.3,2.92,13.81,MQ-BUF-930,17.40941784722696,11.603784539580522,130,9.0,0.0,0.0,7.0,Ripe,7.0,0.0,8.0,2.0,0.0,Too Low,8.0,0.0,0.0,0.0,0.0,0.0,0.0,,Unpleasant,No,Under Ripe,
BUF,273.0,46.902652,-97.495103,34.76678554369369,956.8391293626546,185.0653377893874,0.0,2019,Marquette,2019-09-30,72.83,68.33,1.37,21.3,2.92,13.81,MQ-BUF-930,17.40941784722696,11.603784539580522,130,11.3,8.6,8.6,3.7,Ripe,12.3,2.2,4.6,2.6,1.7,Ideal,2.8,2.0,2.1,3.2,8.6,4.6,6.8,,Pleasant,Yes,Ripe,
BUF,273.0,46.902652,-97.495103,34.76678554369369,956.8391293626546,185.0653377893874,0.0,2019,Marquette,2019-09-30,72.83,68.33,1.37,21.3,2.92,13.81,MQ-BUF-930,17.40941784722696,11.603784539580522,130,7.1,9.2,4.9,1.5,Over Ripe,7.7,7.6,2.0,2.2,5.9,Ideal,0.0,0.0,5.7,8.9,9.6,9.5,1.5,,Pleasant,Yes,Ripe,Well balanced 
BUF,273.0,46.902652,-97.495103,34.76678554369369,956.8391293626546,185.0653377893874,0.0,2019,Marquette,2019-09-30,72.83,68.33,1.37,21.3,2.92,13.81,MQ-BUF-930,17.40941784722696,11.603784539580522,130,7.7,0.0,0.0,6.2,Over Ripe,10.3,2.1,11.1,2.1,6.1,Ideal,0.0,0.0,1.9,0.0,4.2,7.3,5.1,,Unpleasant,Yes,Ripe,
BUF,273.0,46.902652,-97.495103,34.76678554369369,956.8391293626546,185.0653377893874,0.0,2019,Marquette,2019-09-30,72.83,68.33,1.37,21.3,2.92,13.81,MQ-BUF-930,17.40941784722696,11.603784539580522,130,14.4,11.4,8.5,1.5,Ripe,12.4,4.6,3.4,1.6,7.4,Ideal,2.8,2.7,1.7,5.8,13.6,6.6,9.6,,Pleasant,Yes,Ripe,
BUF,280.0,46.902652,-97.495103,36.334189012920056,958.5707051451816,185.0653377893874,0.0,2019,Marquette,2019-10-07,74.83,60.36,1.21,19.4,2.95,13.54,MQ-BUF-107,16.99854839558701,11.485290705084319,318,14.1,12.0,3.0,3.0,Ripe,9.0,1.0,9.0,6.0,2.0,Too Low,4.0,0.0,1.0,1.0,5.0,3.0,1.0,Black pepper ,Unpleasant,Yes,Under Ripe,Too sour for me 
BUF,280.0,46.902652,-97.495103,36.334189012920056,958.5707051451816,185.0653377893874,0.0,2019,Marquette,2019-10-07,74.83,60.36,1.21,19.4,2.95,13.54,MQ-BUF-107,16.99854839558701,11.485290705084319,318,15.0,14.0,5.0,10.0,Ripe,15.0,1.0,16.0,10.0,6.0,Moderate,8.0,3.0,5.0,5.0,8.0,3.0,3.0,,Unpleasant,No,Under Ripe,
BUF,280.0,46.902652,-97.495103,36.334189012920056,958.5707051451816,185.0653377893874,0.0,2019,Marquette,2019-10-07,74.83,60.36,1.21,19.4,2.95,13.54,MQ-BUF-107,16.99854839558701,11.485290705084319,318,14.5,14.7,7.6,5.5,Ripe,11.4,3.4,14.4,15.4,15.3,Moderate,3.8,3.6,3.6,3.7,5.6,5.4,5.4,,Unpleasant,No,Ripe,
BUF,280.0,46.902652,-97.495103,36.334189012920056,958.5707051451816,185.0653377893874,0.0,2019,Marquette,2019-10-07,74.83,60.36,1.21,19.4,2.95,13.54,MQ-BUF-107,16.99854839558701,11.485290705084319,318,16.5,11.4,9.4,6.4,Ripe,8.4,5.6,13.4,13.4,12.4,Moderate,3.7,6.7,7.7,10.7,2.6,4.6,5.7,,Unpleasant,No,Under Ripe,
BUF,280.0,46.902652,-97.495103,36.334189012920056,958.5707051451816,185.0653377893874,0.0,2019,Marquette,2019-10-07,74.83,60.36,1.21,19.4,2.95,13.54,MQ-BUF-107,16.99854839558701,11.485290705084319,318,7.2,8.0,9.1,7.1,Ripe,8.9,5.9,7.0,9.0,7.0,Moderate,7.2,6.2,4.0,5.1,4.0,7.0,5.0,,Pleasant,Yes,Ripe,
BUF,280.0,46.902652,-97.495103,36.334189012920056,958.5707051451816,185.0653377893874,0.0,2019,Marquette,2019-10-07,74.83,60.36,1.21,19.4,2.95,13.54,MQ-BUF-107,16.99854839558701,11.485290705084319,344,11.2,6.6,1.1,2.5,Over Ripe,6.5,0.0,3.1,0.0,0.0,Too Low,3.9,0.0,0.0,0.0,0.0,0.0,0.0,Insipid ,Unpleasant,No,Under Ripe,Couldn’t tell if it was under ripe vs. over ripe because the flavor was so fleeting 
BUF,280.0,46.902652,-97.495103,36.334189012920056,958.5707051451816,185.0653377893874,0.0,2019,Marquette,2019-10-07,74.83,60.36,1.21,19.4,2.95,13.54,MQ-BUF-107,16.99854839558701,11.485290705084319,344,10.9,7.1,10.1,5.9,Under Ripe,9.0,1.0,10.1,9.0,9.0,Too Low,8.1,2.2,1.5,3.6,6.0,8.0,4.0,,Unpleasant,No,Under Ripe,
BUF,280.0,46.902652,-97.495103,36.334189012920056,958.5707051451816,185.0653377893874,0.0,2019,Marquette,2019-10-07,74.83,60.36,1.21,19.4,2.95,13.54,MQ-BUF-107,16.99854839558701,11.485290705084319,344,3.5,3.5,3.5,3.4,Under Ripe,4.3,2.6,8.4,14.3,16.4,Too High,6.6,4.8,4.8,4.9,14.7,13.6,12.7,,Unpleasant,No,Under Ripe,
BUF,280.0,46.902652,-97.495103,36.334189012920056,958.5707051451816,185.0653377893874,0.0,2019,Marquette,2019-10-07,74.83,60.36,1.21,19.4,2.95,13.54,MQ-BUF-107,16.99854839558701,11.485290705084319,344,10.5,7.6,7.6,7.6,Ripe,6.4,4.3,3.4,3.6,8.4,Moderate,6.8,3.7,2.8,5.8,3.4,4.6,5.6,,Unpleasant,No,Under Ripe,
BUF,280.0,46.902652,-97.495103,36.334189012920056,958.5707051451816,185.0653377893874,0.0,2019,Marquette,2019-10-07,74.83,60.36,1.21,19.4,2.95,13.54,MQ-BUF-107,16.99854839558701,11.485290705084319,344,10.0,11.0,10.0,10.9,Ripe,13.0,8.0,10.0,11.0,10.0,Moderate,10.2,11.2,10.2,11.2,11.1,9.1,12.1,,Pleasant,Yes,Ripe,
FER,266.0,47.56561,-96.13596,70.37306921175585,345.751745847848,15.128906879431891,0.0,2019,Marquette,2019-09-23,80.83,54.66,1.09,19.4,2.9,13.33,MQ-FER-923,17.53169841197015,11.609667389180705,107,15.0,6.0,7.0,10.0,Under Ripe,7.0,2.0,8.0,0.0,5.0,Moderate,6.0,0.0,0.0,0.0,0.0,0.0,0.0,Smoky,Unpleasant,No,Under Ripe,
FER,266.0,47.56561,-96.13596,70.37306921175585,345.751745847848,15.128906879431891,0.0,2019,Marquette,2019-09-23,80.83,54.66,1.09,19.4,2.9,13.33,MQ-FER-923,17.53169841197015,11.609667389180705,107,8.4,5.5,8.4,3.4,Ripe,9.3,4.3,6.4,6.4,5.7,Moderate,12.7,6.7,5.7,8.8,5.6,5.6,2.7,,Pleasant,No,Ripe,
FER,266.0,47.56561,-96.13596,70.37306921175585,345.751745847848,15.128906879431891,0.0,2019,Marquette,2019-09-23,80.83,54.66,1.09,19.4,2.9,13.33,MQ-FER-923,17.53169841197015,11.609667389180705,107,16.0,12.2,10.0,2.9,Ripe,9.2,3.7,0.9,1.6,9.1,Ideal,4.1,0.6,0.0,8.9,8.8,8.4,2.2,Melon,Pleasant,Yes,Ripe,
FER,266.0,47.56561,-96.13596,70.37306921175585,345.751745847848,15.128906879431891,0.0,2019,Marquette,2019-09-23,80.83,54.66,1.09,19.4,2.9,13.33,MQ-FER-923,17.53169841197015,11.609667389180705,107,7.1,5.1,4.3,6.7,Ripe,9.6,4.2,10.0,2.2,6.7,Moderate,0.8,1.2,1.6,0.7,7.8,1.2,0.7,,Unpleasant,No,Under Ripe,
FER,266.0,47.56561,-96.13596,70.37306921175585,345.751745847848,15.128906879431891,0.0,2019,Marquette,2019-09-23,80.83,54.66,1.09,19.4,2.9,13.33,MQ-FER-923,17.53169841197015,11.609667389180705,107,5.5,4.4,1.5,5.5,Under Ripe,5.4,1.3,10.6,5.4,11.6,Too Low,9.7,0.8,2.7,11.7,4.4,5.7,3.6,,Unpleasant,No,Under Ripe,
FER,266.0,47.56561,-96.13596,70.37306921175585,345.751745847848,15.128906879431891,0.0,2019,Marquette,2019-09-23,80.83,54.66,1.09,19.4,2.9,13.33,MQ-FER-923,17.53169841197015,11.609667389180705,133,9.0,0.0,3.0,6.0,Under Ripe,11.0,1.0,10.0,8.0,1.0,Moderate,9.0,0.0,3.0,0.0,0.0,0.0,0.0,,Unpleasant,No,Under Ripe,
FER,266.0,47.56561,-96.13596,70.37306921175585,345.751745847848,15.128906879431891,0.0,2019,Marquette,2019-09-23,80.83,54.66,1.09,19.4,2.9,13.33,MQ-FER-923,17.53169841197015,11.609667389180705,133,10.1,3.8,5.7,5.6,Ripe,7.7,1.7,4.4,2.7,1.6,Moderate,7.9,3.9,2.8,8.7,8.7,5.7,3.6,,Pleasant,No,Ripe,
FER,266.0,47.56561,-96.13596,70.37306921175585,345.751745847848,15.128906879431891,0.0,2019,Marquette,2019-09-23,80.83,54.66,1.09,19.4,2.9,13.33,MQ-FER-923,17.53169841197015,11.609667389180705,133,12.4,2.0,7.7,7.3,Ripe,11.5,9.2,3.5,1.4,11.5,Ideal,5.9,0.0,0.0,5.2,8.8,1.8,1.0,Raspberry ,Pleasant,Yes,Ripe,
FER,266.0,47.56561,-96.13596,70.37306921175585,345.751745847848,15.128906879431891,0.0,2019,Marquette,2019-09-23,80.83,54.66,1.09,19.4,2.9,13.33,MQ-FER-923,17.53169841197015,11.609667389180705,133,7.1,0.3,3.5,6.1,Ripe,7.5,1.1,10.1,3.6,3.7,Ideal,0.0,0.0,0.0,0.0,0.3,3.8,0.0,,Unpleasant,No,Under Ripe,
FER,266.0,47.56561,-96.13596,70.37306921175585,345.751745847848,15.128906879431891,0.0,2019,Marquette,2019-09-23,80.83,54.66,1.09,19.4,2.9,13.33,MQ-FER-923,17.53169841197015,11.609667389180705,133,10.5,8.6,2.6,1.6,Ripe,14.3,2.4,3.3,1.4,7.3,Moderate,1.9,1.8,1.8,4.7,10.6,8.6,7.7,,Pleasant,Yes,Ripe,
FER,273.0,47.56561,-96.13596,74.03359537843758,346.3015881204566,15.128906879431891,0.0,2019,Marquette,2019-09-30,49.33,48.37,0.967,18.6,2.97,13.2,MQ-FER-930,17.40941784722696,11.603784539580522,612,11.7,4.0,2.5,14.2,Ripe,9.8,4.1,8.6,8.7,7.3,Too Low,15.0,0.5,1.7,15.8,0.7,0.7,0.5,,Unpleasant,No,Under Ripe,"wouldve liled if it want so bitter and tart, reminded me of cab franc or Marlborough sauv"
FER,273.0,47.56561,-96.13596,74.03359537843758,346.3015881204566,15.128906879431891,0.0,2019,Marquette,2019-09-30,49.33,48.37,0.967,18.6,2.97,13.2,MQ-FER-930,17.40941784722696,11.603784539580522,612,13.6,12.5,8.1,3.3,Ripe,12.3,1.5,10.2,2.7,3.3,Moderate,9.0,2.1,4.4,4.6,7.5,4.8,4.4,"Perhaps diacetyl , raspberry",Pleasant,Yes,Ripe,Good body
FER,273.0,47.56561,-96.13596,74.03359537843758,346.3015881204566,15.128906879431891,0.0,2019,Marquette,2019-09-30,49.33,48.37,0.967,18.6,2.97,13.2,MQ-FER-930,17.40941784722696,11.603784539580522,612,14.0,7.0,5.0,12.0,Under Ripe,16.0,0.0,9.0,6.0,3.0,Moderate,12.0,0.0,0.0,8.0,6.0,0.0,0.0,,Unpleasant,No,Under Ripe,Too green and sour
FER,273.0,47.56561,-96.13596,74.03359537843758,346.3015881204566,15.128906879431891,0.0,2019,Marquette,2019-09-30,49.33,48.37,0.967,18.6,2.97,13.2,MQ-FER-930,17.40941784722696,11.603784539580522,612,16.0,13.9,8.3,11.0,Ripe,9.0,3.0,10.0,1.8,2.0,Ideal,9.0,6.1,3.1,5.0,6.0,4.1,2.0,,Unpleasant,No,Ripe,"The aromas were initially floral, fruity, and green grass, but the flavors were mostly herbaceous with little fruit so they didn't really match."
FER,273.0,47.56561,-96.13596,74.03359537843758,346.3015881204566,15.128906879431891,0.0,2019,Marquette,2019-09-30,49.33,48.37,0.967,18.6,2.97,13.2,MQ-FER-930,17.40941784722696,11.603784539580522,612,12.0,9.0,2.0,13.0,Under Ripe,8.0,1.0,13.0,13.0,11.0,Moderate,2.0,4.0,3.0,4.0,10.0,3.0,3.0,,Unpleasant,No,Under Ripe,
FER,273.0,47.56561,-96.13596,74.03359537843758,346.3015881204566,15.128906879431891,0.0,2019,Marquette,2019-09-30,49.33,48.37,0.967,18.6,2.97,13.2,MQ-FER-930,17.40941784722696,11.603784539580522,638,5.6,5.4,9.0,0.9,Ripe,7.0,4.7,0.5,0.5,5.0,Ideal,0.5,0.5,0.5,2.0,5.6,6.0,1.9,,Pleasant,Yes,Under Ripe,"smoother, sweeter, fresher, some sour tingle, longer finish"
FER,273.0,47.56561,-96.13596,74.03359537843758,346.3015881204566,15.128906879431891,0.0,2019,Marquette,2019-09-30,49.33,48.37,0.967,18.6,2.97,13.2,MQ-FER-930,17.40941784722696,11.603784539580522,638,13.7,5.3,5.3,13.0,Under Ripe,11.7,0.5,9.2,3.4,2.2,Moderate,16.3,4.6,7.3,15.2,3.9,1.8,1.0,Leafy,Unpleasant,No,Under Ripe,
FER,273.0,47.56561,-96.13596,74.03359537843758,346.3015881204566,15.128906879431891,0.0,2019,Marquette,2019-09-30,49.33,48.37,0.967,18.6,2.97,13.2,MQ-FER-930,17.40941784722696,11.603784539580522,638,12.0,10.0,0.0,6.0,Ripe,14.0,0.0,10.0,8.0,6.0,Ideal,7.0,0.0,0.0,0.0,10.0,0.0,4.0,,Pleasant,Yes,Ripe,Slightly sour
FER,273.0,47.56561,-96.13596,74.03359537843758,346.3015881204566,15.128906879431891,0.0,2019,Marquette,2019-09-30,49.33,48.37,0.967,18.6,2.97,13.2,MQ-FER-930,17.40941784722696,11.603784539580522,638,13.4,11.7,10.9,8.5,Ripe,12.6,4.3,11.8,3.7,6.3,Too High,9.0,4.9,8.9,10.6,7.6,7.6,6.0,Violets (aromas),Pleasant,Yes,Ripe,"I liked the fruity Notes of this wine, even though it was a bit herbaceous too. The body is nicely balanced."
FER,273.0,47.56561,-96.13596,74.03359537843758,346.3015881204566,15.128906879431891,0.0,2019,Marquette,2019-09-30,49.33,48.37,0.967,18.6,2.97,13.2,MQ-FER-930,17.40941784722696,11.603784539580522,638,8.0,4.1,0.0,1.0,Ripe,6.0,4.1,10.0,9.0,10.0,Too Low,4.1,0.0,0.0,3.5,13.0,8.0,6.1,"If there’s malic, it kind of reminds me a green apple harshness",Unpleasant,No,Under Ripe,"Flavors muted, high acid, smells like the butyl sample"
FER,280.0,47.56561,-96.13596,80.10994852062804,346.3015881204566,15.128906879431891,0.0,2019,Marquette,2019-10-07,61.0,49.96,0.99,20.3,2.98,13.69,MQ-FER-107,16.99854839558701,11.485290705084319,508,5.9,5.3,4.8,2.6,Ripe,13.6,3.5,5.9,2.3,5.8,Moderate,2.4,0.5,2.7,3.2,2.7,4.8,0.9,citric acid,Unpleasant,No,Ripe,like the initial pepper and fruit but ends too sour and flat
FER,280.0,47.56561,-96.13596,80.10994852062804,346.3015881204566,15.128906879431891,0.0,2019,Marquette,2019-10-07,61.0,49.96,0.99,20.3,2.98,13.69,MQ-FER-107,16.99854839558701,11.485290705084319,508,13.4,12.5,3.3,4.2,Ripe,9.6,1.6,8.3,2.8,2.3,Ideal,4.2,1.8,3.0,5.4,13.2,10.2,10.2,"Plum, cream",Pleasant,Yes,Ripe,Very good
FER,280.0,47.56561,-96.13596,80.10994852062804,346.3015881204566,15.128906879431891,0.0,2019,Marquette,2019-10-07,61.0,49.96,0.99,20.3,2.98,13.69,MQ-FER-107,16.99854839558701,11.485290705084319,508,10.0,8.0,6.0,10.0,Under Ripe,16.0,0.0,12.0,10.0,6.0,Moderate,10.0,0.0,0.0,12.0,6.0,0.0,0.0,,Unpleasant,No,Under Ripe,Too sour to enjoy
FER,280.0,47.56561,-96.13596,80.10994852062804,346.3015881204566,15.128906879431891,0.0,2019,Marquette,2019-10-07,61.0,49.96,0.99,20.3,2.98,13.69,MQ-FER-107,16.99854839558701,11.485290705084319,508,11.0,11.0,9.1,5.4,Ripe,11.3,3.3,7.0,1.7,1.3,Ideal,7.4,3.7,8.1,6.6,5.2,8.5,5.6,Blackberry,Pleasant,Yes,Ripe,Very well balanced and the flavors and aromas matched and complemented each other.
FER,280.0,47.56561,-96.13596,80.10994852062804,346.3015881204566,15.128906879431891,0.0,2019,Marquette,2019-10-07,61.0,49.96,0.99,20.3,2.98,13.69,MQ-FER-107,16.99854839558701,11.485290705084319,508,13.0,11.0,7.0,9.0,Under Ripe,10.0,3.0,13.0,13.0,12.0,Moderate,6.0,0.0,0.0,6.0,9.0,3.0,2.0,,Unpleasant,Yes,Ripe,"Ripe to underripe, complex Notes bordering on peppery and herbaceous"
FER,280.0,47.56561,-96.13596,80.10994852062804,346.3015881204566,15.128906879431891,0.0,2019,Marquette,2019-10-07,61.0,49.96,0.99,20.3,2.98,13.69,MQ-FER-107,16.99854839558701,11.485290705084319,534,10.3,10.1,8.1,0.8,Over Ripe,5.5,5.8,2.6,0.4,2.2,Too High,0.6,0.6,0.7,2.3,5.9,2.5,0.1,"violet, plum",Unpleasant,No,Under Ripe,"nice fruit but tasted under ripe and as if too much s02 was added, tingly"
FER,280.0,47.56561,-96.13596,80.10994852062804,346.3015881204566,15.128906879431891,0.0,2019,Marquette,2019-10-07,61.0,49.96,0.99,20.3,2.98,13.69,MQ-FER-107,16.99854839558701,11.485290705084319,534,9.5,8.0,2.9,8.0,Under Ripe,9.7,1.0,12.0,7.2,3.3,Moderate,10.0,7.9,2.0,6.3,4.3,2.5,1.7,,Unpleasant,No,Under Ripe,
FER,280.0,47.56561,-96.13596,80.10994852062804,346.3015881204566,15.128906879431891,0.0,2019,Marquette,2019-10-07,61.0,49.96,0.99,20.3,2.98,13.69,MQ-FER-107,16.99854839558701,11.485290705084319,534,16.0,12.0,0.0,12.0,Under Ripe,14.0,0.0,10.0,8.0,4.0,Ideal,12.0,0.0,0.0,8.0,8.0,0.0,4.0,,Unpleasant,No,Under Ripe,Slightly too tart
FER,280.0,47.56561,-96.13596,80.10994852062804,346.3015881204566,15.128906879431891,0.0,2019,Marquette,2019-10-07,61.0,49.96,0.99,20.3,2.98,13.69,MQ-FER-107,16.99854839558701,11.485290705084319,534,13.0,8.7,11.8,9.1,Ripe,13.6,3.7,9.6,3.7,6.9,Too High,11.4,3.3,6.5,10.8,6.0,4.3,3.6,,Unpleasant,No,Under Ripe,On the palate the wine was too herbaceous and green for my taste.
FER,280.0,47.56561,-96.13596,80.10994852062804,346.3015881204566,15.128906879431891,0.0,2019,Marquette,2019-10-07,61.0,49.96,0.99,20.3,2.98,13.69,MQ-FER-107,16.99854839558701,11.485290705084319,534,8.5,7.0,0.0,2.0,Ripe,8.0,1.1,16.1,10.0,9.0,Moderate,5.0,0.0,0.0,3.0,12.1,7.0,5.5,,Unpleasant,No,Under Ripe,
HRC,259.0,44.867585,-93.635,107.71897161953696,1160.3560771440846,276.4553138920369,0.0,2019,Marquette,2019-09-16,74.0,66.71,1.33,21.3,2.82,15.0,MQ-HRC-916,17.51523590555596,11.572431175191452,618,11.1,5.1,0.9,2.2,Ripe,7.0,0.0,8.1,1.0,0.0,Moderate,2.3,0.0,0.0,3.2,2.1,3.9,0.0,,Unpleasant,Yes,Under Ripe,Too acidic again  
HRC,259.0,44.867585,-93.635,107.71897161953696,1160.3560771440846,276.4553138920369,0.0,2019,Marquette,2019-09-16,74.0,66.71,1.33,21.3,2.82,15.0,MQ-HRC-916,17.51523590555596,11.572431175191452,618,11.9,9.6,6.5,4.3,Ripe,12.2,1.0,12.5,5.0,8.0,Moderate,5.2,3.9,3.1,3.2,11.5,8.8,4.3,,Unpleasant,No,Under Ripe,
HRC,259.0,44.867585,-93.635,107.71897161953696,1160.3560771440846,276.4553138920369,0.0,2019,Marquette,2019-09-16,74.0,66.71,1.33,21.3,2.82,15.0,MQ-HRC-916,17.51523590555596,11.572431175191452,618,15.5,15.5,6.5,7.6,Ripe,7.4,4.4,5.4,14.4,11.4,Moderate,4.7,3.6,5.7,4.7,6.7,6.8,6.7,,Unpleasant,No,Ripe,
HRC,259.0,44.867585,-93.635,107.71897161953696,1160.3560771440846,276.4553138920369,0.0,2019,Marquette,2019-09-16,74.0,66.71,1.33,21.3,2.82,15.0,MQ-HRC-916,17.51523590555596,11.572431175191452,618,14.4,14.4,13.4,12.4,Ripe,8.4,4.4,4.0,3.0,6.4,Moderate,11.6,4.7,2.7,3.2,9.6,7.6,2.4,,Pleasant,Yes,Under Ripe,
HRC,259.0,44.867585,-93.635,107.71897161953696,1160.3560771440846,276.4553138920369,0.0,2019,Marquette,2019-09-16,74.0,66.71,1.33,21.3,2.82,15.0,MQ-HRC-916,17.51523590555596,11.572431175191452,618,6.0,7.0,4.0,3.0,Ripe,13.8,5.0,14.0,15.1,15.1,Moderate,10.2,8.2,9.1,10.2,6.3,8.1,6.1,,Pleasant,Yes,Ripe,
HRC,259.0,44.867585,-93.635,107.71897161953696,1160.3560771440846,276.4553138920369,0.0,2019,Marquette,2019-09-16,74.0,66.71,1.33,21.3,2.82,15.0,MQ-HRC-916,17.51523590555596,11.572431175191452,644,12.0,6.1,1.0,5.0,Under Ripe,11.1,0.0,12.3,1.8,0.0,Moderate,3.0,0.0,0.9,0.0,3.6,0.0,0.0,,Unpleasant,No,Under Ripe,Poorly balance 
HRC,259.0,44.867585,-93.635,107.71897161953696,1160.3560771440846,276.4553138920369,0.0,2019,Marquette,2019-09-16,74.0,66.71,1.33,21.3,2.82,15.0,MQ-HRC-916,17.51523590555596,11.572431175191452,644,10.0,8.0,6.1,11.0,Under Ripe,10.2,1.4,10.3,4.1,5.2,Moderate,5.1,1.1,2.8,2.5,9.0,8.0,5.3,,Unpleasant,No,Under Ripe,
HRC,259.0,44.867585,-93.635,107.71897161953696,1160.3560771440846,276.4553138920369,0.0,2019,Marquette,2019-09-16,74.0,66.71,1.33,21.3,2.82,15.0,MQ-HRC-916,17.51523590555596,11.572431175191452,644,4.7,4.4,4.5,4.5,Under Ripe,4.6,3.4,2.4,2.6,7.0,Too Low,3.7,3.7,3.7,3.7,5.4,5.6,3.7,,Pleasant,No,Under Ripe,
HRC,259.0,44.867585,-93.635,107.71897161953696,1160.3560771440846,276.4553138920369,0.0,2019,Marquette,2019-09-16,74.0,66.71,1.33,21.3,2.82,15.0,MQ-HRC-916,17.51523590555596,11.572431175191452,644,7.3,5.3,6.4,3.5,Ripe,5.6,2.4,6.4,7.4,7.4,Too Low,3.8,1.8,1.7,5.7,2.6,3.6,7.6,,Unpleasant,No,Ripe,
HRC,259.0,44.867585,-93.635,107.71897161953696,1160.3560771440846,276.4553138920369,0.0,2019,Marquette,2019-09-16,74.0,66.71,1.33,21.3,2.82,15.0,MQ-HRC-916,17.51523590555596,11.572431175191452,644,18.1,17.1,17.8,15.9,Ripe,16.0,13.1,15.7,6.1,16.1,Moderate,12.2,8.2,8.1,8.1,,,,,Pleasant,Yes,Ripe,
HRC,266.0,44.867585,-93.635,109.2030717202382,1239.2262420019615,302.76501760899043,0.0,2019,Marquette,2019-09-23,46.83,62.86,1.26,22.9,3.16,12.6,MQ-HRC-923,17.53169841197015,11.609667389180705,512,3.1,2.3,3.3,0.8,Ripe,7.3,0.5,4.4,3.1,3.9,Too High,2.2,0.7,0.6,0.6,8.7,8.2,0.6,Nose reminded me of butanal,Unpleasant,No,Ripe,liked the cherry and fruit Notes but too sour and harsh Nose
HRC,266.0,44.867585,-93.635,109.2030717202382,1239.2262420019615,302.76501760899043,0.0,2019,Marquette,2019-09-23,46.83,62.86,1.26,22.9,3.16,12.6,MQ-HRC-923,17.53169841197015,11.609667389180705,512,8.3,5.3,4.6,9.2,Under Ripe,13.6,1.1,11.3,2.9,4.5,Moderate,7.6,6.1,2.4,10.7,6.0,5.3,0.8,"Plum skin, licorice",Unpleasant,No,Under Ripe,Okay
HRC,266.0,44.867585,-93.635,109.2030717202382,1239.2262420019615,302.76501760899043,0.0,2019,Marquette,2019-09-23,46.83,62.86,1.26,22.9,3.16,12.6,MQ-HRC-923,17.53169841197015,11.609667389180705,512,8.0,8.0,0.0,6.0,Ripe,14.0,0.0,9.0,8.0,6.0,Ideal,10.0,0.0,0.0,12.0,8.0,0.0,0.0,,Unpleasant,No,Under Ripe,Too sour to enjoy
HRC,266.0,44.867585,-93.635,109.2030717202382,1239.2262420019615,302.76501760899043,0.0,2019,Marquette,2019-09-23,46.83,62.86,1.26,22.9,3.16,12.6,MQ-HRC-923,17.53169841197015,11.609667389180705,512,11.4,10.9,9.0,7.1,Ripe,12.4,3.7,11.7,2.5,5.5,Ideal,5.6,4.1,7.0,8.0,6.9,8.0,5.6,Chocolate ,Pleasant,Yes,Ripe,"Even though it was more acidic, i think the aromas and flavors are pleasant and it's one of my favorite wines today."
HRC,266.0,44.867585,-93.635,109.2030717202382,1239.2262420019615,302.76501760899043,0.0,2019,Marquette,2019-09-23,46.83,62.86,1.26,22.9,3.16,12.6,MQ-HRC-923,17.53169841197015,11.609667389180705,512,14.0,9.0,6.0,12.0,Under Ripe,10.0,1.0,15.0,14.0,15.0,Too Low,9.0,0.0,0.0,3.0,9.0,6.0,2.0,,Unpleasant,No,Under Ripe,"Herbacerousness is overpowering fruit character, also way too sour. No developed tannin."
HRC,266.0,44.867585,-93.635,109.2030717202382,1239.2262420019615,302.76501760899043,0.0,2019,Marquette,2019-09-23,46.83,62.86,1.26,22.9,3.16,12.6,MQ-HRC-923,17.53169841197015,11.609667389180705,538,8.6,5.0,3.9,0.9,Under Ripe,15.6,0.5,15.5,3.2,2.3,Too High,3.7,0.5,0.5,7.0,5.0,2.5,0.0," brine, citric acid esque ",Unpleasant,No,Under Ripe,"really did Not like, very tart and strong on palate, tasted funky and off"
HRC,266.0,44.867585,-93.635,109.2030717202382,1239.2262420019615,302.76501760899043,0.0,2019,Marquette,2019-09-23,46.83,62.86,1.26,22.9,3.16,12.6,MQ-HRC-923,17.53169841197015,11.609667389180705,538,10.7,12.8,7.4,3.6,Ripe,13.4,1.5,8.7,5.5,7.0,Ideal,5.1,3.5,6.3,5.0,7.2,4.7,2.9,,Pleasant,No,Under Ripe,
HRC,266.0,44.867585,-93.635,109.2030717202382,1239.2262420019615,302.76501760899043,0.0,2019,Marquette,2019-09-23,46.83,62.86,1.26,22.9,3.16,12.6,MQ-HRC-923,17.53169841197015,11.609667389180705,538,15.0,9.0,0.0,8.0,Ripe,14.0,0.0,8.5,6.0,4.0,Ideal,8.0,0.0,0.0,6.5,11.0,0.0,5.0,,Pleasant,Yes,Ripe,"Fairly well balanced, only slightly tart"
HRC,266.0,44.867585,-93.635,109.2030717202382,1239.2262420019615,302.76501760899043,0.0,2019,Marquette,2019-09-23,46.83,62.86,1.26,22.9,3.16,12.6,MQ-HRC-923,17.53169841197015,11.609667389180705,538,11.8,6.7,9.2,7.8,Ripe,13.3,3.7,11.7,5.7,7.1,Too High,9.1,4.3,3.3,8.9,5.7,8.3,4.3,,Pleasant,Yes,Under Ripe,It seemed more herbaceous in flavor and aroma although Not completely Unpleasant. The color intensity was Noticable.
HRC,266.0,44.867585,-93.635,109.2030717202382,1239.2262420019615,302.76501760899043,0.0,2019,Marquette,2019-09-23,46.83,62.86,1.26,22.9,3.16,12.6,MQ-HRC-923,17.53169841197015,11.609667389180705,538,8.0,7.5,0.0,2.0,Ripe,12.0,2.0,13.0,12.1,14.0,Moderate,4.0,0.0,0.0,2.0,12.1,4.1,5.0,EthaNol,Unpleasant,No,Ripe,"Flavors seem muted, butyl like, ethaNol smell, strong acid"
HRC,273.0,44.867585,-93.635,110.47192504289234,1264.161767118919,302.97304405350576,0.0,2019,Marquette,2019-09-30,53.33,67.03,1.34,23.5,2.94,11.97,MQ-HRC-930,17.40941784722696,11.603784539580522,312,9.9,5.1,2.1,8.0,Ripe,9.0,0.0,12.1,3.0,1.0,Ideal,4.0,0.0,0.0,3.0,3.5,2.0,4.0,It was challenging to detect flavors under the high acidity. ,Unpleasant,No,Under Ripe,
HRC,273.0,44.867585,-93.635,110.47192504289234,1264.161767118919,302.97304405350576,0.0,2019,Marquette,2019-09-30,53.33,67.03,1.34,23.5,2.94,11.97,MQ-HRC-930,17.40941784722696,11.603784539580522,312,16.1,12.1,6.0,3.1,Ripe,14.6,1.2,6.1,2.9,7.5,Ideal,2.6,2.8,6.3,2.7,11.9,13.5,10.0,,Pleasant,Yes,Ripe,
HRC,273.0,44.867585,-93.635,110.47192504289234,1264.161767118919,302.97304405350576,0.0,2019,Marquette,2019-09-30,53.33,67.03,1.34,23.5,2.94,11.97,MQ-HRC-930,17.40941784722696,11.603784539580522,312,15.0,15.0,7.3,4.3,Ripe,15.4,3.4,3.3,3.3,6.4,Ideal,3.6,3.6,3.6,3.6,14.4,14.4,5.7,,Pleasant,Yes,Ripe,
HRC,273.0,44.867585,-93.635,110.47192504289234,1264.161767118919,302.97304405350576,0.0,2019,Marquette,2019-09-30,53.33,67.03,1.34,23.5,2.94,11.97,MQ-HRC-930,17.40941784722696,11.603784539580522,312,16.4,15.5,14.4,15.5,Ripe,14.4,9.1,7.4,5.6,5.4,Ideal,7.6,8.8,4.7,9.8,3.4,4.4,5.6,,Pleasant,Yes,Ripe,
HRC,273.0,44.867585,-93.635,110.47192504289234,1264.161767118919,302.97304405350576,0.0,2019,Marquette,2019-09-30,53.33,67.03,1.34,23.5,2.94,11.97,MQ-HRC-930,17.40941784722696,11.603784539580522,312,5.0,7.1,5.9,5.8,Over Ripe,11.0,1.2,16.0,15.8,10.9,Moderate,7.2,7.2,7.1,14.2,1.2,11.0,12.0,,Unpleasant,No,Over Ripe,
HRC,273.0,44.867585,-93.635,110.47192504289234,1264.161767118919,302.97304405350576,0.0,2019,Marquette,2019-09-30,53.33,67.03,1.34,23.5,2.94,11.97,MQ-HRC-930,17.40941784722696,11.603784539580522,338,10.1,3.1,1.0,4.5,Under Ripe,5.0,0.0,10.0,0.0,0.0,Moderate,2.0,0.0,0.0,2.0,1.0,0.0,0.0,"Black pepper, leather ",Unpleasant,Yes,Under Ripe,"Acidic, short finish"
HRC,273.0,44.867585,-93.635,110.47192504289234,1264.161767118919,302.97304405350576,0.0,2019,Marquette,2019-09-30,53.33,67.03,1.34,23.5,2.94,11.97,MQ-HRC-930,17.40941784722696,11.603784539580522,338,16.1,15.1,10.1,1.9,Ripe,17.0,1.5,7.0,3.3,7.0,Ideal,1.9,1.9,2.9,1.9,13.9,15.9,11.9,,Pleasant,Yes,Ripe,
HRC,273.0,44.867585,-93.635,110.47192504289234,1264.161767118919,302.97304405350576,0.0,2019,Marquette,2019-09-30,53.33,67.03,1.34,23.5,2.94,11.97,MQ-HRC-930,17.40941784722696,11.603784539580522,338,7.6,4.4,4.4,3.5,Under Ripe,4.4,2.3,15.3,15.3,15.4,Moderate,3.8,3.8,3.7,3.7,3.6,5.6,4.6,,Unpleasant,No,Under Ripe,
HRC,273.0,44.867585,-93.635,110.47192504289234,1264.161767118919,302.97304405350576,0.0,2019,Marquette,2019-09-30,53.33,67.03,1.34,23.5,2.94,11.97,MQ-HRC-930,17.40941784722696,11.603784539580522,338,7.4,8.4,8.5,7.6,Ripe,9.2,4.4,6.4,3.4,6.4,Moderate,6.8,4.7,2.6,7.7,2.7,2.6,9.6,,Unpleasant,No,Under Ripe,
HRC,273.0,44.867585,-93.635,110.47192504289234,1264.161767118919,302.97304405350576,0.0,2019,Marquette,2019-09-30,53.33,67.03,1.34,23.5,2.94,11.97,MQ-HRC-930,17.40941784722696,11.603784539580522,338,11.2,14.0,,13.0,Ripe,13.0,9.9,10.0,12.7,13.9,Ideal,9.2,12.1,13.2,11.2,11.1,10.1,11.1,,Pleasant,Yes,Ripe,
SMI,259.0,44.41897,-92.942041,105.26386640345711,1844.1979094696808,779.6047314443434,10.220009569864612,2019,Marquette,2019-09-16,109.67,67.76,1.35,21.2,2.85,12.79,MQ-SMI-916,17.51523590555596,11.572431175191452,118,5.0,2.0,4.0,0.0,Under Ripe,8.0,3.0,10.0,5.0,10.0,Too Low,7.0,0.0,3.0,0.0,0.0,0.0,0.0,,Unpleasant,No,Under Ripe,
SMI,259.0,44.41897,-92.942041,105.26386640345711,1844.1979094696808,779.6047314443434,10.220009569864612,2019,Marquette,2019-09-16,109.67,67.76,1.35,21.2,2.85,12.79,MQ-SMI-916,17.51523590555596,11.572431175191452,118,11.0,8.4,6.5,8.5,Under Ripe,11.1,3.2,11.1,8.1,9.4,Moderate,5.3,2.4,1.4,7.6,4.3,4.3,2.3,,Unpleasant,No,Under Ripe,
SMI,259.0,44.41897,-92.942041,105.26386640345711,1844.1979094696808,779.6047314443434,10.220009569864612,2019,Marquette,2019-09-16,109.67,67.76,1.35,21.2,2.85,12.79,MQ-SMI-916,17.51523590555596,11.572431175191452,118,7.6,2.6,9.4,10.7,Ripe,11.4,9.3,3.5,3.3,5.6,Ideal,10.1,2.8,1.7,6.9,12.7,5.6,2.4,Raspberry ,Pleasant,Yes,Ripe,Bright color 
SMI,259.0,44.41897,-92.942041,105.26386640345711,1844.1979094696808,779.6047314443434,10.220009569864612,2019,Marquette,2019-09-16,109.67,67.76,1.35,21.2,2.85,12.79,MQ-SMI-916,17.51523590555596,11.572431175191452,118,4.2,5.6,1.7,1.1,Under Ripe,10.0,1.6,7.9,0.3,7.9,Ideal,5.1,0.6,4.7,4.8,4.3,8.6,0.4,,Pleasant,Yes,Ripe,
SMI,259.0,44.41897,-92.942041,105.26386640345711,1844.1979094696808,779.6047314443434,10.220009569864612,2019,Marquette,2019-09-16,109.67,67.76,1.35,21.2,2.85,12.79,MQ-SMI-916,17.51523590555596,11.572431175191452,118,14.5,8.4,1.5,0.5,Ripe,10.4,1.3,0.6,1.4,2.6,Ideal,4.7,0.9,1.9,9.8,6.6,9.6,7.6,,Pleasant,Yes,Ripe,dryness and tannin level seem high and overrides the flavor of fruit at the end
SMI,259.0,44.41897,-92.942041,105.26386640345711,1844.1979094696808,779.6047314443434,10.220009569864612,2019,Marquette,2019-09-16,109.67,67.76,1.35,21.2,2.85,12.79,MQ-SMI-916,17.51523590555596,11.572431175191452,144,10.0,7.0,3.0,0.0,Under Ripe,12.0,0.0,9.0,0.0,7.0,Moderate,4.0,0.0,0.0,0.0,0.0,0.0,0.0,,Unpleasant,No,Under Ripe,
SMI,259.0,44.41897,-92.942041,105.26386640345711,1844.1979094696808,779.6047314443434,10.220009569864612,2019,Marquette,2019-09-16,109.67,67.76,1.35,21.2,2.85,12.79,MQ-SMI-916,17.51523590555596,11.572431175191452,144,7.6,5.6,3.6,3.6,Ripe,7.6,2.7,2.4,1.6,2.6,Ideal,6.9,3.8,1.9,7.8,7.9,,,,Pleasant,Yes,Ripe,
SMI,259.0,44.41897,-92.942041,105.26386640345711,1844.1979094696808,779.6047314443434,10.220009569864612,2019,Marquette,2019-09-16,109.67,67.76,1.35,21.2,2.85,12.79,MQ-SMI-916,17.51523590555596,11.572431175191452,144,10.9,7.7,6.1,2.9,Ripe,12.9,9.8,0.8,1.4,8.7,Ideal,3.6,1.6,1.1,2.7,9.8,7.9,6.4,,Pleasant,Yes,Ripe,Excellent 
SMI,259.0,44.41897,-92.942041,105.26386640345711,1844.1979094696808,779.6047314443434,10.220009569864612,2019,Marquette,2019-09-16,109.67,67.76,1.35,21.2,2.85,12.79,MQ-SMI-916,17.51523590555596,11.572431175191452,144,5.5,0.6,0.6,5.4,Under Ripe,9.4,1.3,8.8,5.7,4.6,Too High,9.1,0.0,0.0,0.6,0.0,1.0,0.6,,Unpleasant,No,Under Ripe,
SMI,259.0,44.41897,-92.942041,105.26386640345711,1844.1979094696808,779.6047314443434,10.220009569864612,2019,Marquette,2019-09-16,109.67,67.76,1.35,21.2,2.85,12.79,MQ-SMI-916,17.51523590555596,11.572431175191452,144,12.6,11.6,1.6,1.6,Ripe,13.4,2.4,7.4,2.4,9.4,Ideal,3.7,2.6,1.9,6.6,8.6,10.6,8.6,,Unpleasant,Yes,Under Ripe,
SMI,266.0,44.41897,-92.942041,108.85118608919024,1967.3634305103376,846.7702524850002,11.315062784354538,2019,Marquette,2019-09-23,82.0,78.22,1.56,24.5,3.11,10.38,MQ-SMI-923,17.53169841197015,11.609667389180705,108,12.0,8.0,0.0,3.0,Ripe,10.0,5.0,4.1,2.0,2.0,Moderate,0.0,0.0,0.0,0.0,10.0,7.0,4.0,,Pleasant,Yes,Ripe,
SMI,266.0,44.41897,-92.942041,108.85118608919024,1967.3634305103376,846.7702524850002,11.315062784354538,2019,Marquette,2019-09-23,82.0,78.22,1.56,24.5,3.11,10.38,MQ-SMI-923,17.53169841197015,11.609667389180705,108,9.3,10.0,9.3,12.3,Ripe,12.3,4.2,4.6,2.7,2.6,Ideal,8.6,1.4,3.3,5.4,10.6,5.6,9.6,,Pleasant,Yes,Ripe,
SMI,266.0,44.41897,-92.942041,108.85118608919024,1967.3634305103376,846.7702524850002,11.315062784354538,2019,Marquette,2019-09-23,82.0,78.22,1.56,24.5,3.11,10.38,MQ-SMI-923,17.53169841197015,11.609667389180705,108,11.6,1.4,0.8,2.7,Under Ripe,9.0,11.2,2.4,1.4,4.5,Moderate,1.9,1.8,2.0,2.4,2.6,1.3,8.0,,Unpleasant,No,Over Ripe,To sweet and off aroma
SMI,266.0,44.41897,-92.942041,108.85118608919024,1967.3634305103376,846.7702524850002,11.315062784354538,2019,Marquette,2019-09-23,82.0,78.22,1.56,24.5,3.11,10.38,MQ-SMI-923,17.53169841197015,11.609667389180705,108,7.9,4.4,3.4,0.9,Ripe,8.1,6.2,3.6,0.5,4.1,Ideal,0.5,2.6,0.5,2.8,7.1,0.5,7.1,,Pleasant,Yes,Over Ripe,
SMI,266.0,44.41897,-92.942041,108.85118608919024,1967.3634305103376,846.7702524850002,11.315062784354538,2019,Marquette,2019-09-23,82.0,78.22,1.56,24.5,3.11,10.38,MQ-SMI-923,17.53169841197015,11.609667389180705,108,14.5,4.3,2.6,10.5,Under Ripe,11.4,6.6,3.3,1.6,5.4,Moderate,8.7,2.7,1.0,10.7,7.7,5.7,6.8,,Unpleasant,No,Under Ripe,
SMI,266.0,44.41897,-92.942041,108.85118608919024,1967.3634305103376,846.7702524850002,11.315062784354538,2019,Marquette,2019-09-23,82.0,78.22,1.56,24.5,3.11,10.38,MQ-SMI-923,17.53169841197015,11.609667389180705,134,7.0,3.0,0.0,0.0,Under Ripe,11.0,5.0,6.0,0.0,2.0,Moderate,3.0,0.0,0.0,0.0,12.0,9.0,7.0,,Unpleasant,Yes,Ripe,
SMI,266.0,44.41897,-92.942041,108.85118608919024,1967.3634305103376,846.7702524850002,11.315062784354538,2019,Marquette,2019-09-23,82.0,78.22,1.56,24.5,3.11,10.38,MQ-SMI-923,17.53169841197015,11.609667389180705,134,11.3,6.2,5.2,4.3,Ripe,,4.4,4.6,2.6,1.7,Ideal,2.0,2.1,2.1,5.0,7.7,5.8,9.8,,Pleasant,Yes,Ripe,
SMI,266.0,44.41897,-92.942041,108.85118608919024,1967.3634305103376,846.7702524850002,11.315062784354538,2019,Marquette,2019-09-23,82.0,78.22,1.56,24.5,3.11,10.38,MQ-SMI-923,17.53169841197015,11.609667389180705,134,10.4,7.0,6.3,9.3,Ripe,12.7,12.6,1.8,1.6,6.0,Too Low,3.1,1.2,6.2,1.7,15.3,2.7,13.7,,Pleasant,Yes,Under Ripe,To sweet
SMI,266.0,44.41897,-92.942041,108.85118608919024,1967.3634305103376,846.7702524850002,11.315062784354538,2019,Marquette,2019-09-23,82.0,78.22,1.56,24.5,3.11,10.38,MQ-SMI-923,17.53169841197015,11.609667389180705,134,4.8,4.2,1.1,1.0,Ripe,6.1,4.6,4.7,0.5,5.9,Moderate,0.5,3.3,0.5,4.0,5.8,0.0,6.2,,Pleasant,Yes,Ripe,
SMI,266.0,44.41897,-92.942041,108.85118608919024,1967.3634305103376,846.7702524850002,11.315062784354538,2019,Marquette,2019-09-23,82.0,78.22,1.56,24.5,3.11,10.38,MQ-SMI-923,17.53169841197015,11.609667389180705,134,11.5,7.4,3.6,7.6,Under Ripe,10.6,14.4,3.4,10.6,8.4,Moderate,9.8,2.7,1.7,6.7,6.6,8.7,6.7,,Unpleasant,No,Under Ripe,of aroma
SMI,273.0,44.41897,-92.942041,110.72162039924476,2040.0821678870568,865.0098320277816,11.315062784354538,2019,Marquette,2019-09-30,61.1,66.15,1.323,23.0,3.06,10.48,MQ-SMI-930,17.40941784722696,11.603784539580522,608,10.0,6.0,4.0,0.0,Ripe,14.0,4.0,16.5,1.5,0.0,Ideal,4.0,3.0,0.0,3.0,10.1,3.0,6.0,,Unpleasant,No,Under Ripe,I don’t like the finish
SMI,273.0,44.41897,-92.942041,110.72162039924476,2040.0821678870568,865.0098320277816,11.315062784354538,2019,Marquette,2019-09-30,61.1,66.15,1.323,23.0,3.06,10.48,MQ-SMI-930,17.40941784722696,11.603784539580522,608,6.4,6.6,10.3,5.8,Under Ripe,7.5,2.2,6.6,8.6,8.9,Too Low,5.7,0.9,0.3,2.0,4.0,4.3,1.7,,Unpleasant,No,Under Ripe,
SMI,273.0,44.41897,-92.942041,110.72162039924476,2040.0821678870568,865.0098320277816,11.315062784354538,2019,Marquette,2019-09-30,61.1,66.15,1.323,23.0,3.06,10.48,MQ-SMI-930,17.40941784722696,11.603784539580522,608,7.2,2.8,2.5,2.4,Over Ripe,8.9,6.1,2.4,7.0,5.4,Ideal,0.8,0.0,2.2,0.5,3.6,0.6,3.3,Smoke,Pleasant,No,Over Ripe,
SMI,273.0,44.41897,-92.942041,110.72162039924476,2040.0821678870568,865.0098320277816,11.315062784354538,2019,Marquette,2019-09-30,61.1,66.15,1.323,23.0,3.06,10.48,MQ-SMI-930,17.40941784722696,11.603784539580522,608,6.0,4.1,3.0,0.0,Ripe,12.0,6.1,10.0,8.0,6.0,Too High,0.0,2.0,0.0,2.0,4.0,8.0,3.0,Na ,Unpleasant,Yes,Ripe,Initial sour/bitterness fades 
SMI,273.0,44.41897,-92.942041,110.72162039924476,2040.0821678870568,865.0098320277816,11.315062784354538,2019,Marquette,2019-09-30,61.1,66.15,1.323,23.0,3.06,10.48,MQ-SMI-930,17.40941784722696,11.603784539580522,608,11.1,8.3,3.9,0.0,Ripe,12.1,4.1,8.5,1.2,4.1,Too High,2.7,0.0,0.0,3.2,10.3,5.1,5.0,,Unpleasant,No,Under Ripe,
SMI,273.0,44.41897,-92.942041,110.72162039924476,2040.0821678870568,865.0098320277816,11.315062784354538,2019,Marquette,2019-09-30,61.1,66.15,1.323,23.0,3.06,10.48,MQ-SMI-930,17.40941784722696,11.603784539580522,634,13.0,11.8,0.0,3.8,Ripe,12.1,2.5,11.0,3.0,1.6,Ideal,6.0,7.0,1.9,4.5,9.0,3.0,2.9,,Unpleasant,No,Under Ripe,Very green tasting
SMI,273.0,44.41897,-92.942041,110.72162039924476,2040.0821678870568,865.0098320277816,11.315062784354538,2019,Marquette,2019-09-30,61.1,66.15,1.323,23.0,3.06,10.48,MQ-SMI-930,17.40941784722696,11.603784539580522,634,12.0,12.4,13.9,6.0,Ripe,15.3,4.7,15.6,16.4,12.2,Too High,0.5,1.7,1.5,0.4,14.9,11.0,0.4,,Pleasant,Yes,Ripe,
SMI,273.0,44.41897,-92.942041,110.72162039924476,2040.0821678870568,865.0098320277816,11.315062784354538,2019,Marquette,2019-09-30,61.1,66.15,1.323,23.0,3.06,10.48,MQ-SMI-930,17.40941784722696,11.603784539580522,634,7.0,4.7,2.1,0.9,Ripe,8.6,3.6,6.2,8.8,4.4,Moderate,0.9,0.7,0.9,2.6,2.4,2.7,0.7,Woody bitter herbs,Unpleasant,No,Over Ripe,
SMI,273.0,44.41897,-92.942041,110.72162039924476,2040.0821678870568,865.0098320277816,11.315062784354538,2019,Marquette,2019-09-30,61.1,66.15,1.323,23.0,3.06,10.48,MQ-SMI-930,17.40941784722696,11.603784539580522,634,6.0,5.1,4.0,0.0,Ripe,14.1,4.0,11.9,8.0,5.0,Too High,6.1,0.0,0.0,8.0,3.0,4.0,2.0,,Unpleasant,No,Under Ripe,
SMI,273.0,44.41897,-92.942041,110.72162039924476,2040.0821678870568,865.0098320277816,11.315062784354538,2019,Marquette,2019-09-30,61.1,66.15,1.323,23.0,3.06,10.48,MQ-SMI-930,17.40941784722696,11.603784539580522,634,8.5,3.9,1.2,0.0,Ripe,9.3,2.5,7.4,0.0,9.2,Too High,1.7,0.0,0.0,0.0,6.0,8.3,1.2,,Unpleasant,No,Under Ripe,
