"STATION","Date","PRCP","TAVG","TMAX","TMIN"
"USW00014914","2019-01-01","0.00","-11","-1","-19"
"USW00014914","2019-01-02","0.02","7","29","-6"
"USW00014914","2019-01-03","0.00","27","40","20"
"USW00014914","2019-01-04","0.00","29","39","22"
"USW00014914","2019-01-05","0.00","30","35","19"
"USW00014914","2019-01-06","0.00","22","33","15"
"USW00014914","2019-01-07","0.02","34","38","28"
"USW00014914","2019-01-08","0.00","22","29","5"
"USW00014914","2019-01-09","0.00","4","7","0"
"USW00014914","2019-01-10","0.00","10","19","6"
"USW00014914","2019-01-11","0.00","15","20","7"
"USW00014914","2019-01-12","0.00","22","27","19"
"USW00014914","2019-01-13","0.00","24","27","23"
"USW00014914","2019-01-14","0.00","23","26","19"
"USW00014914","2019-01-15","0.00","21","27","-1"
"USW00014914","2019-01-16","0.00","1","8","-5"
"USW00014914","2019-01-17","0.00","2","10","-4"
"USW00014914","2019-01-18","0.00","0","2","-12"
"USW00014914","2019-01-19","0.00","-9","2","-16"
"USW00014914","2019-01-20","0.00","-4","3","-7"
"USW00014914","2019-01-21","0.19","5","13","2"
"USW00014914","2019-01-22","0.18","12","15","-6"
"USW00014914","2019-01-23","0.01","3","15","-8"
"USW00014914","2019-01-24","0.00","1","9","-14"
"USW00014914","2019-01-25","0.00","-10","-6","-15"
"USW00014914","2019-01-26","0.02","-6","0","-17"
"USW00014914","2019-01-27","0.15","-11","4","-21"
"USW00014914","2019-01-28","0.00","1","6","-9"
"USW00014914","2019-01-29","0.00","-13","-6","-28"
"USW00014914","2019-01-30","0.00","-27","-18","-33"
"USW00014914","2019-01-31","0.00","-18","0","-26"
"USW00014914","2019-02-01","0.00","5","17","0"
"USW00014914","2019-02-02","0.00","13","21","6"
"USW00014914","2019-02-03","0.31","8","14","-3"
"USW00014914","2019-02-04","0.08","-2","-1","-11"
"USW00014914","2019-02-05","0.00","-7","1","-11"
"USW00014914","2019-02-06","0.17","-1","2","-2"
"USW00014914","2019-02-07","0.21","-3","0","-10"
"USW00014914","2019-02-08","0.00","-14","-10","-27"
"USW00014914","2019-02-09","0.00","-12","4","-22"
"USW00014914","2019-02-10","0.07","-5","4","-16"
"USW00014914","2019-02-11","0.02","1","21","-13"
"USW00014914","2019-02-12","0.11","17","20","-5"
"USW00014914","2019-02-13","0.00","1","12","-4"
"USW00014914","2019-02-14","0.02","6","9","-6"
"USW00014914","2019-02-15","0.00","-5","2","-16"
"USW00014914","2019-02-16","0.00","-3","15","-14"
"USW00014914","2019-02-17","0.00","8","14","-2"
"USW00014914","2019-02-18","0.00","-2","2","-12"
"USW00014914","2019-02-19","0.00","-3","11","-13"
"USW00014914","2019-02-20","0.29","14","22","10"
"USW00014914","2019-02-21","0.00","16","21","0"
"USW00014914","2019-02-22","0.27","6","22","-7"
"USW00014914","2019-02-23","0.07","20","24","7"
"USW00014914","2019-02-24","0.00","8","12","-11"
"USW00014914","2019-02-25","0.00","-10","-3","-21"
"USW00014914","2019-02-26","0.07","-6","2","-12"
"USW00014914","2019-02-27","0.00","-2","6","-15"
"USW00014914","2019-02-28","0.00","4","16","-6"
"USW00014914","2019-03-01","0.08","8","17","-9"
"USW00014914","2019-03-02","0.00","-2","2","-18"
"USW00014914","2019-03-03","0.00","-11","-1","-20"
"USW00014914","2019-03-04","0.03","-2","10","-11"
"USW00014914","2019-03-05","0.00","7","13","1"
"USW00014914","2019-03-06","0.00","6","14","-10"
"USW00014914","2019-03-07","0.00","-3","13","-17"
"USW00014914","2019-03-08","0.00","17","25","13"
"USW00014914","2019-03-09","0.90","26","30","21"
"USW00014914","2019-03-10","0.00","20","22","-1"
"USW00014914","2019-03-11","0.00","7","21","-7"
"USW00014914","2019-03-12","0.00","25","38","18"
"USW00014914","2019-03-13","0.51","30","33","24"
"USW00014914","2019-03-14","0.06","32","33","24"
"USW00014914","2019-03-15","0.00","26","31","11"
"USW00014914","2019-03-16","0.00","14","27","1"
"USW00014914","2019-03-17","0.00","24","34","15"
"USW00014914","2019-03-18","0.00","23","34","11"
"USW00014914","2019-03-19","0.00","31","35","29"
"USW00014914","2019-03-20","0.00","33","36","24"
"USW00014914","2019-03-21","0.00","30","41","20"
"USW00014914","2019-03-22","0.00","29","38","13"
"USW00014914","2019-03-23","0.00","29","40","18"
"USW00014914","2019-03-24","0.00","30","32","24"
"USW00014914","2019-03-25","0.00","25","35","19"
"USW00014914","2019-03-26","0.00","29","39","20"
"USW00014914","2019-03-27","0.00","38","45","33"
"USW00014914","2019-03-28","0.00","35","37","24"
"USW00014914","2019-03-29","0.00","31","44","22"
"USW00014914","2019-03-30","0.00","27","31","19"
"USW00014914","2019-03-31","0.00","29","37","23"
"USW00014914","2019-04-01","0.00","34","41","30"
"USW00014914","2019-04-02","0.00","36","42","28"
"USW00014914","2019-04-03","0.00","32","37","22"
"USW00014914","2019-04-04","0.00","34","40","30"
"USW00014914","2019-04-05","0.04","39","45","37"
"USW00014914","2019-04-06","0.00","43","53","38"
"USW00014914","2019-04-07","0.00","48","63","40"
"USW00014914","2019-04-08","0.00","51","62","37"
"USW00014914","2019-04-09","0.00","36","41","29"
"USW00014914","2019-04-10","0.00","31","36","28"
"USW00014914","2019-04-11","0.59","32","34","27"
"USW00014914","2019-04-12","0.07","28","31","27"
"USW00014914","2019-04-13","0.00","32","41","23"
"USW00014914","2019-04-14","0.00","31","40","21"
"USW00014914","2019-04-15","0.09","35","43","32"
"USW00014914","2019-04-16","0.00","44","64","33"
"USW00014914","2019-04-17","0.12","49","54","43"
"USW00014914","2019-04-18","0.03","47","57","38"
"USW00014914","2019-04-19","0.00","47","64","32"
"USW00014914","2019-04-20","0.04","56","68","47"
"USW00014914","2019-04-21","0.04","55","64","47"
"USW00014914","2019-04-22","0.00","55","66","43"
"USW00014914","2019-04-23","0.00","53","70","34"
"USW00014914","2019-04-24","0.00","62","75","48"
"USW00014914","2019-04-25","0.00","56","66","38"
"USW00014914","2019-04-26","0.00","46","58","30"
"USW00014914","2019-04-27","0.00","48","58","39"
"USW00014914","2019-04-28","0.08","44","50","38"
"USW00014914","2019-04-29","0.13","40","44","36"
"USW00014914","2019-04-30","0.04","41","47","37"
"USW00014914","2019-05-01","0.10","40","45","38"
"USW00014914","2019-05-02","0.02","44","57","34"
"USW00014914","2019-05-03","0.01","49","64","38"
"USW00014914","2019-05-04","0.00","48","55","36"
"USW00014914","2019-05-05","0.00","44","54","32"
"USW00014914","2019-05-06","0.00","41","50","28"
"USW00014914","2019-05-07","0.00","42","60","24"
"USW00014914","2019-05-08","0.08","49","51","44"
"USW00014914","2019-05-09","0.00","47","58","34"
"USW00014914","2019-05-10","0.00","46","63","28"
"USW00014914","2019-05-11","0.04","56","69","45"
"USW00014914","2019-05-12","0.00","54","65","44"
"USW00014914","2019-05-13","0.00","58","74","45"
"USW00014914","2019-05-14","0.00","64","76","50"
"USW00014914","2019-05-15","0.13","62","82","36"
"USW00014914","2019-05-16","0.00","59","62","44"
"USW00014914","2019-05-17","0.05","51","62","39"
"USW00014914","2019-05-18","0.64","49","50","43"
"USW00014914","2019-05-19","0.06","45","55","40"
"USW00014914","2019-05-20","0.00","49","66","32"
"USW00014914","2019-05-21","0.08","57","70","41"
"USW00014914","2019-05-22","0.83","52","52","46"
"USW00014914","2019-05-23","0.00","50","57","47"
"USW00014914","2019-05-24","0.86","54","68","51"
"USW00014914","2019-05-25","0.00","56","62","45"
"USW00014914","2019-05-26","0.00","54","67","40"
"USW00014914","2019-05-27","0.00","56","67","47"
"USW00014914","2019-05-28","0.00","55","72","39"
"USW00014914","2019-05-29","0.00","64","83","46"
"USW00014914","2019-05-30","0.00","73","91","55"
"USW00014914","2019-05-31","0.00","71","79","54"
"USW00014914","2019-06-01","0.00","59","72","43"
"USW00014914","2019-06-02","0.00","61","75","46"
"USW00014914","2019-06-03","0.00","70","89","57"
"USW00014914","2019-06-04","0.00","76","92","66"
"USW00014914","2019-06-05","0.00","73","85","58"
"USW00014914","2019-06-06","0.02","76","89","61"
"USW00014914","2019-06-07","0.00","80","96","68"
"USW00014914","2019-06-08","0.43","82","93","56"
"USW00014914","2019-06-09","0.02","61","71","51"
"USW00014914","2019-06-10","0.00","61","76","47"
"USW00014914","2019-06-11","0.00","65","78","53"
"USW00014914","2019-06-12","0.00","58","69","44"
"USW00014914","2019-06-13","0.00","62","75","46"
"USW00014914","2019-06-14","0.06","70","85","59"
"USW00014914","2019-06-15","0.11","64","65","56"
"USW00014914","2019-06-16","0.00","60","69","53"
"USW00014914","2019-06-17","0.00","59","65","52"
"USW00014914","2019-06-18","0.00","62","75","49"
"USW00014914","2019-06-19","0.01","65","76","49"
"USW00014914","2019-06-20","0.52","63","69","55"
"USW00014914","2019-06-21","0.37","62","72","56"
"USW00014914","2019-06-22","0.35","63","64","55"
"USW00014914","2019-06-23","0.00","64","79","54"
"USW00014914","2019-06-24","0.01","69","79","61"
"USW00014914","2019-06-25","0.00","68","81","57"
"USW00014914","2019-06-26","0.00","72","87","57"
"USW00014914","2019-06-27","0.31","71","78","65"
"USW00014914","2019-06-28","0.00","72","84","61"
"USW00014914","2019-06-29","1.40","74","84","64"
"USW00014914","2019-06-30","0.00","78","86","70"
"USW00014914","2019-07-01","0.00","75","84","66"
"USW00014914","2019-07-02","0.00","75","87","61"
"USW00014914","2019-07-03","0.17","76","87","64"
"USW00014914","2019-07-04","0.00","71","81","62"
"USW00014914","2019-07-05","0.01","69","76","62"
"USW00014914","2019-07-06","0.00","68","78","55"
"USW00014914","2019-07-07","0.00","69","83","54"
"USW00014914","2019-07-08","2.20","78","90","65"
"USW00014914","2019-07-09","0.70","70","75","64"
"USW00014914","2019-07-10","0.01","69","78","61"
"USW00014914","2019-07-11","0.00","70","83","57"
"USW00014914","2019-07-12","0.41","76","84","67"
"USW00014914","2019-07-13","0.00","76","85","68"
"USW00014914","2019-07-14","0.00","79","89","71"
"USW00014914","2019-07-15","0.00","81","91","72"
"USW00014914","2019-07-16","0.00","77","87","66"
"USW00014914","2019-07-17","0.77","76","85","67"
"USW00014914","2019-07-18","0.07","75","85","66"
"USW00014914","2019-07-19","0.24","74","84","63"
"USW00014914","2019-07-20","0.05","71","82","62"
"USW00014914","2019-07-21","0.00","68","76","56"
"USW00014914","2019-07-22","0.00","66","79","52"
"USW00014914","2019-07-23","0.00","71","85","58"
"USW00014914","2019-07-24","0.00","74","84","62"
"USW00014914","2019-07-25","0.03","75","83","67"
"USW00014914","2019-07-26","0.00","74","87","61"
"USW00014914","2019-07-27","0.00","73","85","61"
"USW00014914","2019-07-28","0.06","72","79","63"
"USW00014914","2019-07-29","0.00","66","74","52"
"USW00014914","2019-07-30","0.00","63","77","45"
"USW00014914","2019-07-31","0.00","71","85","62"
"USW00014914","2019-08-01","0.00","75","85","64"
"USW00014914","2019-08-02","0.83","76","82","67"
"USW00014914","2019-08-03","0.00","74","84","65"
"USW00014914","2019-08-04","0.00","75","84","65"
"USW00014914","2019-08-05","0.14","74","83","64"
"USW00014914","2019-08-06","0.00","72","87","59"
"USW00014914","2019-08-07","0.00","71","76","53"
"USW00014914","2019-08-08","0.00","62","75","49"
"USW00014914","2019-08-09","0.00","64","77","49"
"USW00014914","2019-08-10","0.00","68","78","58"
"USW00014914","2019-08-11","0.00","70","78","64"
"USW00014914","2019-08-12","1.04","64","67","58"
"USW00014914","2019-08-13","0.00","64","68","60"
"USW00014914","2019-08-14","0.00","65","77","57"
"USW00014914","2019-08-15","0.01","65","73","55"
"USW00014914","2019-08-16","0.00","66","82","54"
"USW00014914","2019-08-17","0.09","71","82","61"
"USW00014914","2019-08-18","0.00","64","74","53"
"USW00014914","2019-08-19","0.00","67","86","56"
"USW00014914","2019-08-20","0.05","72","75","53"
"USW00014914","2019-08-21","0.00","62","74","48"
"USW00014914","2019-08-22","0.00","62","75","47"
"USW00014914","2019-08-23","0.00","65","77","56"
"USW00014914","2019-08-24","0.00","70","79","63"
"USW00014914","2019-08-25","1.24","67","68","62"
"USW00014914","2019-08-26","0.20","65","74","57"
"USW00014914","2019-08-27","0.29","60","65","55"
"USW00014914","2019-08-28","0.00","60","72","50"
"USW00014914","2019-08-29","0.00","63","71","50"
"USW00014914","2019-08-30","0.00","58","73","44"
"USW00014914","2019-08-31","0.00","63","74","54"
"USW00014914","2019-09-01","0.00","64","72","60"
"USW00014914","2019-09-02","0.50","63","72","53"
"USW00014914","2019-09-03","0.00","62","66","50"
"USW00014914","2019-09-04","0.00","57","70","43"
"USW00014914","2019-09-05","0.00","66","77","54"
"USW00014914","2019-09-06","0.00","62","74","50"
"USW00014914","2019-09-07","0.28","53","54","50"
"USW00014914","2019-09-08","0.00","54","67","49"
"USW00014914","2019-09-09","1.37","58","62","57"
"USW00014914","2019-09-10","0.00","61","66","56"
"USW00014914","2019-09-11","0.00","59","66","56"
"USW00014914","2019-09-12","0.59","55","58","50"
"USW00014914","2019-09-13","0.02","54","65","48"
"USW00014914","2019-09-14","0.00","55","67","46"
"USW00014914","2019-09-15","0.00","66","83","52"
"USW00014914","2019-09-16","0.00","75","87","68"
"USW00014914","2019-09-17","0.00","78","88","71"
"USW00014914","2019-09-18","0.01","74","78","59"
"USW00014914","2019-09-19","0.00","67","81","54"
"USW00014914","2019-09-20","0.00","74","88","67"
"USW00014914","2019-09-21","0.47","73","79","56"
"USW00014914","2019-09-22","0.00","59","71","49"
"USW00014914","2019-09-23","0.00","61","76","48"
"USW00014914","2019-09-24","0.03","62","74","53"
"USW00014914","2019-09-25","0.00","58","65","48"
"USW00014914","2019-09-26","0.00","53","63","44"
"USW00014914","2019-09-27","0.00","54","57","36"
"USW00014914","2019-09-28","0.00","47","60","33"
"USW00014914","2019-09-29","0.73","52","56","49"
"USW00014914","2019-09-30","0.47","54","57","44"
"USW00014914","2019-10-01","0.00","44","47","41"
"USW00014914","2019-10-02","0.49","43","46","41"
"USW00014914","2019-10-03","0.02","41","45","36"
"USW00014914","2019-10-04","0.06","45","51","42"
"USW00014914","2019-10-05","0.90","48","51","44"
"USW00014914","2019-10-06","0.00","51","61","45"
"USW00014914","2019-10-07","0.00","51","66","37"
"USW00014914","2019-10-08","0.00","58","70","49"
"USW00014914","2019-10-09","0.07","58","66","40"
"USW00014914","2019-10-10","0.91","38","40","33"
"USW00014914","2019-10-11","0.65","33","33","31"
"USW00014914","2019-10-12","0.17","33","36","32"
"USW00014914","2019-10-13","0.03","36","43","32"
"USW00014914","2019-10-14","0.00","39","50","34"
"USW00014914","2019-10-15","0.13","40","45","37"
"USW00014914","2019-10-16","0.00","40","46","35"
"USW00014914","2019-10-17","0.00","44","60","36"
"USW00014914","2019-10-18","0.00","54","64","49"
"USW00014914","2019-10-19","0.00","50","59","39"
"USW00014914","2019-10-20","0.02","43","55","33"
"USW00014914","2019-10-21","0.33","48","51","39"
"USW00014914","2019-10-22","0.00","40","43","35"
"USW00014914","2019-10-23","0.00","37","41","28"
"USW00014914","2019-10-24","0.00","34","45","22"
"USW00014914","2019-10-25","0.00","40","58","30"
"USW00014914","2019-10-26","0.00","47","58","38"
"USW00014914","2019-10-27","0.00","38","40","29"
"USW00014914","2019-10-28","0.00","30","37","27"
"USW00014914","2019-10-29","0.00","28","31","21"
"USW00014914","2019-10-30","0.00","25","28","18"
"USW00014914","2019-10-31","0.00","27","42","16"
"USW00014914","2019-11-01","0.03","37","41","30"
"USW00014914","2019-11-02","0.00","32","38","29"
"USW00014914","2019-11-03","0.00","33","40","31"
"USW00014914","2019-11-04","0.03","33","35","17"
"USW00014914","2019-11-05","0.00","22","29","11"
"USW00014914","2019-11-06","0.00","22","26","17"
"USW00014914","2019-11-07","0.00","17","25","7"
"USW00014914","2019-11-08","0.00","23","34","18"
"USW00014914","2019-11-09","0.11","30","32","20"
"USW00014914","2019-11-10","0.02","20","20","10"
"USW00014914","2019-11-11","0.01","10","13","-3"
"USW00014914","2019-11-12","0.00","7","22","-2"
"USW00014914","2019-11-13","0.03","23","27","11"
"USW00014914","2019-11-14","0.00","20","44","5"
"USW00014914","2019-11-15","0.00","33","37","29"
"USW00014914","2019-11-16","0.00","38","45","35"
"USW00014914","2019-11-17","0.00","35","37","30"
"USW00014914","2019-11-18","0.03","35","41","32"
"USW00014914","2019-11-19","0.00","39","44","33"
"USW00014914","2019-11-20","0.02","37","42","31"
"USW00014914","2019-11-21","0.00","24","31","12"
"USW00014914","2019-11-22","0.00","23","41","13"
"USW00014914","2019-11-23","0.00","33","44","24"
"USW00014914","2019-11-24","0.00","38","46","27"
"USW00014914","2019-11-25","0.06","39","42","32"
"USW00014914","2019-11-26","0.00","32","32","30"
"USW00014914","2019-11-27","0.00","27","30","24"
"USW00014914","2019-11-28","0.00","24","26","22"
"USW00014914","2019-11-29","0.00","27","32","26"
"USW00014914","2019-11-30","0.68","31","32","24"
"USW00014914","2019-12-01","0.18","21","24","0"
"USW00014914","2019-12-02","0.00","11","23","2"
"USW00014914","2019-12-03","0.00","24","35","15"
"USW00014914","2019-12-04","0.00","27","35","15"
"USW00014914","2019-12-05","0.00","25","31","16"
"USW00014914","2019-12-06","0.00","18","25","5"
"USW00014914","2019-12-07","0.00","26","32","22"
"USW00014914","2019-12-08","0.16","21","30","8"
"USW00014914","2019-12-09","0.04","3","8","-10"
"USW00014914","2019-12-10","0.00","-6","3","-16"
"USW00014914","2019-12-11","0.02","-10","4","-18"
"USW00014914","2019-12-12","0.03","5","10","4"
"USW00014914","2019-12-13","0.14","12","17","6"
"USW00014914","2019-12-14","0.00","0","6","-15"
"USW00014914","2019-12-15","0.00","-1","21","-12"
"USW00014914","2019-12-16","0.00","14","23","0"
"USW00014914","2019-12-17","0.00","14","24","-15"
"USW00014914","2019-12-18","0.00","0","13","-15"
"USW00014914","2019-12-19","0.00","11","16","3"
"USW00014914","2019-12-20","0.00","16","20","10"
"USW00014914","2019-12-21","0.00","20","32","16"
"USW00014914","2019-12-22","0.00","27","36","16"
"USW00014914","2019-12-23","0.00","22","28","13"
"USW00014914","2019-12-24","0.00","20","25","18"
"USW00014914","2019-12-25","0.04","22","24","21"
"USW00014914","2019-12-26","0.09","22","27","19"
"USW00014914","2019-12-27","0.00","19","27","10"
"USW00014914","2019-12-28","0.35","22","33","13"
"USW00014914","2019-12-29","0.67","29","33","16"
"USW00014914","2019-12-30","0.00","16","19","14"
"USW00014914","2019-12-31","0.00","11","16","-4"
"USW00014914","2020-01-01","0.04","18","31","10"
"USW00014914","2020-01-02","0.00",,"34","25"
"USW00014914","2020-01-03","0.01",,"30","12"
"USW00014914","2020-01-04","0.00",,"24","5"
"USW00014914","2020-01-05","0.00",,"37","17"
"USW00014914","2020-01-06","0.00",,"30","9"
"USW00014914","2020-01-07","0.00",,"24","-10"
"USW00014914","2020-01-08","0.00",,"12","-18"
"USW00014914","2020-01-09","0.00",,"20","7"
"USW00014914","2020-01-10","0.00",,"8","-18"
"USW00014914","2020-01-11","0.00",,"-2","-24"
"USW00014914","2020-01-12","0.00",,"19","-2"
"USW00014914","2020-01-13","0.00",,"24","19"
"USW00014914","2020-01-14","0.00",,"24","-5"
"USW00014914","2020-01-15","0.16",,"-1","-18"
"USW00014914","2020-01-16","0.00",,"0","-24"
"USW00014914","2020-01-17","0.18",,"24","-1"
"USW00014914","2020-01-18","0.14",,"19","-3"
"USW00014914","2020-01-19","0.00",,"4","-10"
"USW00014914","2020-01-20","0.00",,"2","-21"
"USW00014914","2020-01-21","0.00",,"25","-4"
"USW00014914","2020-01-22","0.00",,"26","11"
"USW00014914","2020-01-23","0.00",,"27","22"
"USW00014914","2020-01-24","0.00",,"27","24"
"USW00014914","2020-01-25","0.00",,"25","22"
"USW00014914","2020-01-26","0.00",,"27","20"
"USW00014914","2020-01-27","0.01",,"20","11"
"USW00014914","2020-01-28","0.00",,"12","9"
"USW00014914","2020-01-29","0.00",,"20","11"
"USW00014914","2020-01-30","0.08",,"24","20"
"USW00014914","2020-01-31","0.00",,"28","21"
"USW00014914","2020-02-01","0.00",,"42","12"
"USW00014914","2020-02-02","0.00",,"41","22"
"USW00014914","2020-02-03","0.00",,"28","-1"
"USW00014914","2020-02-04","0.00",,"17","-9"
"USW00014914","2020-02-05","0.00",,"28","4"
"USW00014914","2020-02-06","0.01",,"18","5"
"USW00014914","2020-02-07","0.00",,"5","-14"
"USW00014914","2020-02-08","0.00",,"19","-8"
"USW00014914","2020-02-09","0.00",,"24","13"
"USW00014914","2020-02-10","0.00",,"27","13"
"USW00014914","2020-02-11","0.00",,"29","19"
"USW00014914","2020-02-12","0.02",,"28","-20"
"USW00014914","2020-02-13","0.00",,"-2","-24"
"USW00014914","2020-02-14","0.00",,"22","-11"
"USW00014914","2020-02-15","0.00",,"29","2"
"USW00014914","2020-02-16","0.00",,"18","-5"
"USW00014914","2020-02-17","0.06",,"24","13"
"USW00014914","2020-02-18","0.00",,"13","-9"
"USW00014914","2020-02-19","0.00",,"2","-18"
"USW00014914","2020-02-20","0.00",,"19","-13"
"USW00014914","2020-02-21","0.00",,"34","10"
"USW00014914","2020-02-22","0.00",,"36","13"
"USW00014914","2020-02-23","0.00",,"38","17"
"USW00014914","2020-02-24","0.00",,"31","8"
"USW00014914","2020-02-25","0.00",,"19","3"
"USW00014914","2020-02-26","0.00",,"16","2"
"USW00014914","2020-02-27","0.00",,"17","1"
"USW00014914","2020-02-28","0.00",,"25","4"
"USW00014914","2020-02-29","0.00",,"36","18"
"USW00014914","2020-03-01","0.00",,"39","20"
"USW00014914","2020-03-02","0.00",,"36","16"
"USW00014914","2020-03-03","0.00",,"36","15"
"USW00014914","2020-03-04","0.00",,"37","13"
"USW00014914","2020-03-05","0.03",,"37","17"
"USW00014914","2020-03-06","0.00",,"34","12"
"USW00014914","2020-03-07","0.00",,"42","32"
"USW00014914","2020-03-08","0.00",,"40","19"
"USW00014914","2020-03-09","0.00",,"19","9"
"USW00014914","2020-03-10","0.00",,"31","8"
"USW00014914","2020-03-11","0.00",,"39","25"
"USW00014914","2020-03-12","0.01",,"38","23"
"USW00014914","2020-03-13","0.00",,"27","15"
"USW00014914","2020-03-14","0.00",,"23","11"
"USW00014914","2020-03-15","0.02",,"34","10"
"USW00014914","2020-03-16","0.01",,"32","20"
"USW00014914","2020-03-17","0.00",,"35","16"
"USW00014914","2020-03-18","0.02",,"36","23"
"USW00014914","2020-03-19","0.04",,"23","10"
"USW00014914","2020-03-20","0.00",,"17","2"
"USW00014914","2020-03-21","0.00",,"31","0"
"USW00014914","2020-03-22","0.01",,"37","28"
"USW00014914","2020-03-23","0.00",,"39","25"
"USW00014914","2020-03-24","0.00",,"42","34"
"USW00014914","2020-03-25","0.00",,"36","24"
"USW00014914","2020-03-26","0.00",,"37","22"
"USW00014914","2020-03-27","0.00",,"52","25"
"USW00014914","2020-03-28","0.00",,"43","28"
"USW00014914","2020-03-29","0.00",,"47","30"
"USW00014914","2020-03-30","0.00",,"56","26"
"USW00014914","2020-03-31","0.00",,"53","38"
"USW00014914","2020-04-01","0.21",,"56","35"
"USW00014914","2020-04-02","0.98",,"36","17"
"USW00014914","2020-04-03","0.00",,"21","5"
"USW00014914","2020-04-04","0.00",,"34","2"
"USW00014914","2020-04-05","0.00",,"44","31"
"USW00014914","2020-04-06","0.21",,"51","37"
"USW00014914","2020-04-07","0.01",,"50","37"
"USW00014914","2020-04-08","0.00",,"46","31"
"USW00014914","2020-04-09","0.02",,"40","28"
"USW00014914","2020-04-10","0.00",,"48","25"
"USW00014914","2020-04-11","0.00",,"41","31"
"USW00014914","2020-04-12","0.00",,"34","21"
"USW00014914","2020-04-13","0.01",,"28","15"
"USW00014914","2020-04-14","0.02",,"26","15"
"USW00014914","2020-04-15","0.00",,"37","17"
"USW00014914","2020-04-16","0.00",,"45","20"
"USW00014914","2020-04-17","0.00",,"52","24"
"USW00014914","2020-04-18","0.00",,"58","33"
"USW00014914","2020-04-19","0.00",,"50","25"
"USW00014914","2020-04-20","0.00",,"53","26"
"USW00014914","2020-04-21","0.01",,"44","22"
"USW00014914","2020-04-22","0.00",,"63","30"
"USW00014914","2020-04-23","0.08",,"67","42"
"USW00014914","2020-04-24","0.00",,"67","36"
"USW00014914","2020-04-25","0.00",,"65","36"
"USW00014914","2020-04-26","0.06",,"71","41"
"USW00014914","2020-04-27","0.00",,"71","38"
"USW00014914","2020-04-28","0.00",,"66","50"
"USW00014914","2020-04-29","0.00",,"66","41"
"USW00014914","2020-04-30","0.00",,"72","34"
"USW00014914","2020-05-01","0.01",,"74","47"
"USW00014914","2020-05-02","0.00",,"68","44"
"USW00014914","2020-05-03","0.00",,"53","31"
"USW00014914","2020-05-04","0.43",,"53","34"
"USW00014914","2020-05-05","0.53",,"47","42"
"USW00014914","2020-05-06","0.00",,"63","36"
"USW00014914","2020-05-07","0.00",,"52","33"
"USW00014914","2020-05-08","0.00",,"52","28"
"USW00014914","2020-05-09","0.19",,"43","34"
"USW00014914","2020-05-10","0.00",,"50","32"
"USW00014914","2020-05-11","0.00",,"48","27"
"USW00014914","2020-05-12","0.00",,"55","22"
"USW00014914","2020-05-13","0.21",,"55","44"
"USW00014914","2020-05-14","0.00",,"67","39"
"USW00014914","2020-05-15","0.00",,"68","36"
"USW00014914","2020-05-16","0.00",,"70","44"
"USW00014914","2020-05-17","0.00",,"75","43"
"USW00014914","2020-05-18","0.00",,"79","44"
"USW00014914","2020-05-19","0.00",,"78","52"
"USW00014914","2020-05-20","0.00",,"72","58"
"USW00014914","2020-05-21","0.00",,"74","57"
"USW00014914","2020-05-22","0.00",,"78","59"
"USW00014914","2020-05-23","0.00",,"77","58"
"USW00014914","2020-05-24","0.01",,"71","59"
"USW00014914","2020-05-25","0.00",,"74","53"
"USW00014914","2020-05-26","0.09",,"75","56"
"USW00014914","2020-05-27","0.00",,"86","52"
"USW00014914","2020-05-28","0.00",,"69","49"
"USW00014914","2020-05-29","0.00",,"68","44"
"USW00014914","2020-05-30","0.00",,"68","42"
"USW00014914","2020-05-31","0.00",,"84","44"
"USW00014914","2020-06-01","0.00",,"97","65"
"USW00014914","2020-06-02","0.00",,"89","55"
"USW00014914","2020-06-03","0.00",,"84","51"
"USW00014914","2020-06-04","0.01",,"86","54"
"USW00014914","2020-06-05","0.00",,"81","50"
"USW00014914","2020-06-06","0.00",,"77","49"
"USW00014914","2020-06-07","0.59",,"99","64"
"USW00014914","2020-06-08","0.32",,"87","66"
"USW00014914","2020-06-09","0.65",,"72","57"
"USW00014914","2020-06-10","0.00",,"73","53"
"USW00014914","2020-06-11","0.00",,"80","53"
"USW00014914","2020-06-12","0.00",,"75","53"
"USW00014914","2020-06-13","0.00",,"78","55"
"USW00014914","2020-06-14","0.00",,"82","61"
"USW00014914","2020-06-15","0.00",,"92","72"
"USW00014914","2020-06-16","0.00",,"97","67"
"USW00014914","2020-06-17","0.00",,"97","74"
"USW00014914","2020-06-18","0.25",,"83","56"
"USW00014914","2020-06-19","0.00",,"75","52"
"USW00014914","2020-06-20","0.04",,"76","56"
"USW00014914","2020-06-21","0.01",,"74","56"
"USW00014914","2020-06-22","0.00",,"72","55"
"USW00014914","2020-06-23","0.09",,"79","54"
"USW00014914","2020-06-24","0.00",,"82","53"
"USW00014914","2020-06-25","0.65",,"92","63"
"USW00014914","2020-06-26","0.00",,"85","64"
"USW00014914","2020-06-27","0.00",,"90","60"
"USW00014914","2020-06-28","0.00",,"90","71"
"USW00014914","2020-06-29","0.04",,"85","67"
"USW00014914","2020-06-30","0.00",,"88","69"
"USW00014914","2020-07-01","0.28",,"86","68"
"USW00014914","2020-07-02","0.00",,"90","71"
"USW00014914","2020-07-03","0.00",,"91","74"
"USW00014914","2020-07-04","0.00",,"89","73"
"USW00014914","2020-07-05","0.00",,"92","68"
"USW00014914","2020-07-06","0.08",,"87","64"
"USW00014914","2020-07-07","0.00",,"87","63"
"USW00014914","2020-07-08","0.88",,"84","66"
"USW00014914","2020-07-09","0.00",,"81","63"
"USW00014914","2020-07-10","0.00",,"83","58"
"USW00014914","2020-07-11","0.17",,"81","60"
"USW00014914","2020-07-12","0.00",,"83","56"
"USW00014914","2020-07-13","0.00",,"86","65"
"USW00014914","2020-07-14","0.05",,"81","60"
"USW00014914","2020-07-15","0.00",,"85","59"
"USW00014914","2020-07-16","0.44",,"86","61"
"USW00014914","2020-07-17","1.34",,"91","58"
"USW00014914","2020-07-18","0.00",,"83","62"
"USW00014914","2020-07-19","0.00",,"80","60"
"USW00014914","2020-07-20","0.28",,"79","56"
"USW00014914","2020-07-21","0.31",,"73","57"
"USW00014914","2020-07-22","0.00",,"76","52"
"USW00014914","2020-07-23","0.00",,"82","61"
"USW00014914","2020-07-24","0.58",,"93","71"
"USW00014914","2020-07-25","1.03",,"89","71"
"USW00014914","2020-07-26","0.00",,"81","63"
"USW00014914","2020-07-27","0.00",,"82","61"
"USW00014914","2020-07-28","0.00",,"83","57"
"USW00014914","2020-07-29","0.00",,"81","58"
"USW00014914","2020-07-30","0.00",,"84","57"
"USW00014914","2020-07-31","0.06",,"84","59"
"USW00014914","2020-08-01","0.00",,"78","60"
"USW00014914","2020-08-02","0.00",,"76","54"
"USW00014914","2020-08-03","0.00",,"75","49"
"USW00014914","2020-08-04","0.00",,"78","55"
"USW00014914","2020-08-05","0.00",,"77","58"
"USW00014914","2020-08-06","0.00",,"80","57"
"USW00014914","2020-08-07","0.72",,"79","66"
"USW00014914","2020-08-08","0.00",,"84","67"
"USW00014914","2020-08-09","0.58",,"82","56"
"USW00014914","2020-08-10","0.00",,"80","52"
"USW00014914","2020-08-11","0.00",,"82","57"
"USW00014914","2020-08-12","0.00",,"80","65"
"USW00014914","2020-08-13","0.00",,"90","65"
"USW00014914","2020-08-14","1.86",,"71","53"
"USW00014914","2020-08-15","0.00",,"81","52"
"USW00014914","2020-08-16","0.00",,"82","56"
"USW00014914","2020-08-17","0.00",,"79","52"
"USW00014914","2020-08-18","0.00",,"82","58"
"USW00014914","2020-08-19","0.06",,"87","63"
"USW00014914","2020-08-20","0.00",,"84","65"
"USW00014914","2020-08-21","0.00",,"86","66"
"USW00014914","2020-08-22","0.00",,"88","64"
"USW00014914","2020-08-23","0.15",,"86","60"
"USW00014914","2020-08-24","0.01",,"81","62"
"USW00014914","2020-08-25","0.00",,"84","59"
"USW00014914","2020-08-26","0.00",,"84","60"
"USW00014914","2020-08-27","0.00",,"80","56"
"USW00014914","2020-08-28","0.11",,"76","54"
"USW00014914","2020-08-29","0.00",,"76","47"
"USW00014914","2020-08-30","0.67",,"78","57"
"USW00014914","2020-08-31","0.00",,"70","50"
"USW00014914","2020-09-01","0.00",,"76","53"
"USW00014914","2020-09-02","0.02",,"78","49"
"USW00014914","2020-09-03","0.00",,"68","51"
"USW00014914","2020-09-04","0.03",,"76","45"
"USW00014914","2020-09-05","0.00",,"77","44"
"USW00014914","2020-09-06","0.00",,"77","52"
"USW00014914","2020-09-07","0.00",,"54","39"
"USW00014914","2020-09-08","0.00",,"53","33"
"USW00014914","2020-09-09","0.00",,"60","30"
"USW00014914","2020-09-10","0.00",,"68","38"
"USW00014914","2020-09-11","0.34",,"65","42"
"USW00014914","2020-09-12","0.38",,"63","52"
"USW00014914","2020-09-13","0.01",,"67","43"
"USW00014914","2020-09-14","0.00",,"73","40"
"USW00014914","2020-09-15","0.00",,"70","54"
"USW00014914","2020-09-16","0.00",,"62","44"
"USW00014914","2020-09-17","0.00",,"63","44"
"USW00014914","2020-09-18","0.00",,"68","42"
"USW00014914","2020-09-19","0.00",,"78","52"
"USW00014914","2020-09-20","0.00",,"77","59"
"USW00014914","2020-09-21","0.00",,"82","51"
"USW00014914","2020-09-22","0.00",,"86","47"
"USW00014914","2020-09-23","0.04",,"77","52"
"USW00014914","2020-09-24","0.00",,"77","46"
"USW00014914","2020-09-25","0.15",,"79","56"
"USW00014914","2020-09-26","0.09",,"69","53"
"USW00014914","2020-09-27","0.06",,"65","50"
"USW00014914","2020-09-28","0.00",,"57","43"
"USW00014914","2020-09-29","0.01",,"72","45"
"USW00014914","2020-09-30","0.00",,"63","42"
"USW00014914","2020-10-01","0.00",,"53","41"
"USW00014914","2020-10-02","0.00",,"50","31"
"USW00014914","2020-10-03","0.00",,"55","29"
"USW00014914","2020-10-04","0.00",,"61","26"
"USW00014914","2020-10-05","0.00",,"74","44"
"USW00014914","2020-10-06","0.00",,"74","41"
"USW00014914","2020-10-07","0.00",,"69","38"
"USW00014914","2020-10-08","0.00",,"68","33"
"USW00014914","2020-10-09","0.00",,"75","43"
"USW00014914","2020-10-10","0.00",,"63","34"
"USW00014914","2020-10-11","0.10",,"74","52"
"USW00014914","2020-10-12","0.00",,"65","39"
"USW00014914","2020-10-13","0.00",,"61","41"
"USW00014914","2020-10-14","0.00",,"59","26"
"USW00014914","2020-10-15","0.00",,"50","22"
"USW00014914","2020-10-16","0.01",,"43","27"
"USW00014914","2020-10-17","0.20",,"41","24"
"USW00014914","2020-10-18","0.00",,"34","21"
"USW00014914","2020-10-19","0.00",,"35","28"
"USW00014914","2020-10-20","0.49",,"35","32"
"USW00014914","2020-10-21","0.00",,"35","25"
"USW00014914","2020-10-22","0.23",,"32","26"
"USW00014914","2020-10-23","0.00",,"30","12"
"USW00014914","2020-10-24","0.00",,"28","13"
"USW00014914","2020-10-25","0.02",,"27","19"
"USW00014914","2020-10-26","0.00",,"25","11"
"USW00014914","2020-10-27","0.00",,"34","11"
"USW00014914","2020-10-28","0.00",,"42","26"
"USW00014914","2020-10-29","0.01",,"32","18"
"USW00014914","2020-10-30","0.01",,"45","30"
"USW00014914","2020-10-31","0.00",,"47","29"
"USW00014914","2020-11-01","0.00",,"37","19"
"USW00014914","2020-11-02","0.00",,"62","28"
"USW00014914","2020-11-03","0.00",,"71","34"
"USW00014914","2020-11-04","0.00",,"74","32"
"USW00014914","2020-11-05","0.00",,"61","29"
"USW00014914","2020-11-06","0.00",,"63","38"
"USW00014914","2020-11-07","0.00",,"62","32"
"USW00014914","2020-11-08","0.00",,"73","39"
"USW00014914","2020-11-09","0.07",,"38","18"
"USW00014914","2020-11-10","0.00",,"26","12"
"USW00014914","2020-11-11","0.00",,"42","16"
"USW00014914","2020-11-12","0.00",,"27","10"
"USW00014914","2020-11-13","0.00",,"43","12"
"USW00014914","2020-11-14","0.00",,"44","30"
"USW00014914","2020-11-15","0.01",,"33","18"
"USW00014914","2020-11-16","0.01",,"27","10"
"USW00014914","2020-11-17","0.00",,"31","9"
"USW00014914","2020-11-18","0.00",,"47","31"
"USW00014914","2020-11-19","0.00",,"42","31"
"USW00014914","2020-11-20","0.00",,"34","17"
"USW00014914","2020-11-21","0.04",,"47","17"
"USW00014914","2020-11-22","0.12",,"37","25"
"USW00014914","2020-11-23","0.00",,"37","19"
"USW00014914","2020-11-24","0.01",,"37","25"
"USW00014914","2020-11-25","0.00",,"33","23"
"USW00014914","2020-11-26","0.01",,"42","23"
"USW00014914","2020-11-27","0.00",,"39","16"
"USW00014914","2020-11-28","0.00",,"49","23"
"USW00014914","2020-11-29","0.00",,"37","12"
"USW00014914","2020-11-30","0.00",,"36","10"
"USW00014914","2020-12-01","0.00",,"38","21"
"USW00014914","2020-12-02","0.00",,"37","19"
"USW00014914","2020-12-03","0.00",,"48","18"
"USW00014914","2020-12-04","0.00",,"42","17"
"USW00014914","2020-12-05","0.00",,"42","17"
"USW00014914","2020-12-06","0.00",,"50","19"
"USW00014914","2020-12-07","0.00",,"44","17"
"USW00014914","2020-12-08","0.00",,"53","23"
"USW00014914","2020-12-09","0.00",,"46","23"
"USW00014914","2020-12-10","0.00",,"39","25"
"USW00014914","2020-12-11","0.00",,"31","25"
"USW00014914","2020-12-12","0.00",,"25","19"
"USW00014914","2020-12-13","0.02",,"26","10"
"USW00014914","2020-12-14","0.00",,"11","0"
"USW00014914","2020-12-15","0.00",,"24","8"
"USW00014914","2020-12-16","0.00",,"30","22"
"USW00014914","2020-12-17","0.00",,"31","13"
"USW00014914","2020-12-18","0.00",,"34","7"
"USW00014914","2020-12-19","0.00",,"28","1"
"USW00014914","2020-12-20","0.05",,"36","17"
"USW00014914","2020-12-21","0.00",,"36","17"
"USW00014914","2020-12-22","0.00",,"39","21"
"USW00014914","2020-12-23","0.13",,"28","-5"
"USW00014914","2020-12-24","0.00",,"0","-9"
"USW00014914","2020-12-25","0.00",,"32","0"
"USW00014914","2020-12-26","0.00",,"26","5"
"USW00014914","2020-12-27","0.08",,"21","7"
"USW00014914","2020-12-28","0.00",,"18","2"
"USW00014914","2020-12-29","0.33",,"23","2"
"USW00014914","2020-12-30","0.06",,"22","8"
"USW00014914","2020-12-31","0.00",,"22","13"
"USW00014914","2021-01-01","0.00",,"27","14"
"USW00014914","2021-01-02","0.00",,"28","18"
"USW00014914","2021-01-03","0.00",,"31","17"
"USW00014914","2021-01-04","0.00",,"37","12"
"USW00014914","2021-01-05","0.00",,"34","8"
"USW00014914","2021-01-06","0.00",,"37","22"
"USW00014914","2021-01-07","0.00",,"27","19"
"USW00014914","2021-01-08","0.00",,"28","22"
"USW00014914","2021-01-09","0.00",,"31","21"
"USW00014914","2021-01-10","0.00",,"32","10"
"USW00014914","2021-01-11","0.00",,"32","17"
"USW00014914","2021-01-12","0.00",,"37","15"
"USW00014914","2021-01-13","0.03",,"39","22"
"USW00014914","2021-01-14","0.14",,"41","30"
"USW00014914","2021-01-15","0.00",,"30","17"
"USW00014914","2021-01-16","0.00",,"26","14"
"USW00014914","2021-01-17","0.00",,"25","15"
"USW00014914","2021-01-18","0.03",,"16","-1"
"USW00014914","2021-01-19","0.05",,"6","1"
"USW00014914","2021-01-20","0.00",,"39","6"
"USW00014914","2021-01-21","0.00",,"30","2"
"USW00014914","2021-01-22","0.00",,"22","-2"
"USW00014914","2021-01-23","0.10",,"25","13"
"USW00014914","2021-01-24","0.00",,"21","-2"
"USW00014914","2021-01-25","0.00",,"13","4"
"USW00014914","2021-01-26","0.00",,"7","-7"
"USW00014914","2021-01-27","0.00",,"11","-9"
"USW00014914","2021-01-28","0.00",,"20","9"
"USW00014914","2021-01-29","0.00",,"25","19"
"USW00014914","2021-01-30","0.02",,"26","23"
"USW00014914","2021-01-31","0.00",,"27","20"
"USW00014914","2021-02-01","0.00",,"23","21"
"USW00014914","2021-02-02","0.00",,"25","19"
"USW00014914","2021-02-03","0.00",,"28","21"
"USW00014914","2021-02-04","0.00",,"24","5"
"USW00014914","2021-02-05","0.00",,"8","-4"
"USW00014914","2021-02-06","0.00",,"-3","-16"
"USW00014914","2021-02-07","0.00",,"-8","-21"
"USW00014914","2021-02-08","0.00",,"-1","-20"
"USW00014914","2021-02-09","0.00",,"0","-13"
"USW00014914","2021-02-10","0.00",,"-2","-15"
"USW00014914","2021-02-11","0.00",,"-7","-16"
"USW00014914","2021-02-12","0.00",,"-7","-22"
"USW00014914","2021-02-13","0.00",,"-12","-23"
"USW00014914","2021-02-14","0.00",,"-8","-25"
"USW00014914","2021-02-15","0.00",,"-2","-22"
"USW00014914","2021-02-16","0.00",,"2","-21"
"USW00014914","2021-02-17","0.01",,"7","-6"
"USW00014914","2021-02-18","0.00",,"16","-10"
"USW00014914","2021-02-19","0.00",,"18","3"
"USW00014914","2021-02-20","0.00",,"26","5"
"USW00014914","2021-02-21","0.00",,"35","20"
"USW00014914","2021-02-22","0.00",,"41","28"
"USW00014914","2021-02-23","0.20",,"35","25"
"USW00014914","2021-02-24","0.00",,"31","10"
"USW00014914","2021-02-25","0.00",,"39","11"
"USW00014914","2021-02-26","0.00",,"44","30"
"USW00014914","2021-02-27","0.00",,"30","9"
"USW00014914","2021-02-28","0.08",,"23","4"
"USW00014914","2021-03-01","0.01",,"20","-5"
"USW00014914","2021-03-02","0.00",,"50","20"
"USW00014914","2021-03-03","0.00",,"43","22"
"USW00014914","2021-03-04","0.00",,"47","30"
"USW00014914","2021-03-05","0.00",,"49","27"
"USW00014914","2021-03-06","0.00",,"48","30"
"USW00014914","2021-03-07","0.00",,"59","30"
"USW00014914","2021-03-08","0.00",,"57","25"
"USW00014914","2021-03-09","0.00",,"65","37"
"USW00014914","2021-03-10","0.22",,"37","26"
"USW00014914","2021-03-11","0.00",,"40","19"
"USW00014914","2021-03-12","0.00",,"39","12"
"USW00014914","2021-03-13","0.00",,"60","29"
"USW00014914","2021-03-14","0.00",,"46","23"
"USW00014914","2021-03-15","0.03",,"34","28"
"USW00014914","2021-03-16","0.00",,"35","29"
"USW00014914","2021-03-17","0.00",,"43","27"
"USW00014914","2021-03-18","0.00",,"52","18"
"USW00014914","2021-03-19","0.00",,"55","26"
"USW00014914","2021-03-20","0.00",,"63","37"
"USW00014914","2021-03-21","0.02",,"51","30"
"USW00014914","2021-03-22","0.00",,"53","19"
"USW00014914","2021-03-23","0.00",,"56","30"
"USW00014914","2021-03-24","0.00",,"49","23"
"USW00014914","2021-03-25","0.00",,"55","18"
"USW00014914","2021-03-26","0.00",,"50","29"
"USW00014914","2021-03-27","0.00",,"49","21"
"USW00014914","2021-03-28","0.00",,"48","14"
"USW00014914","2021-03-29","0.00",,"77","32"
"USW00014914","2021-03-30","0.00",,"31","18"
"USW00014914","2021-03-31","0.00",,"34","14"
"USW00014914","2021-04-01","0.00",,"53","17"
"USW00014914","2021-04-02","0.00",,"67","37"
"USW00014914","2021-04-03","0.00",,"72","23"
"USW00014914","2021-04-04","0.00",,"71","35"
"USW00014914","2021-04-05","0.00",,"72","43"
"USW00014914","2021-04-06","0.06",,"56","30"
"USW00014914","2021-04-07","0.30",,"50","43"
"USW00014914","2021-04-08","0.73",,"44","40"
"USW00014914","2021-04-09","0.12",,"52","37"
"USW00014914","2021-04-10","0.00",,"58","30"
"USW00014914","2021-04-11","0.00",,"59","30"
"USW00014914","2021-04-12","0.06",,"42","27"
"USW00014914","2021-04-13","0.17",,"31","25"
"USW00014914","2021-04-14","0.01",,"35","28"
"USW00014914","2021-04-15","0.00",,"42","30"
"USW00014914","2021-04-16","0.00",,"54","34"
"USW00014914","2021-04-17","0.00",,"60","30"
"USW00014914","2021-04-18","0.04",,"53","27"
"USW00014914","2021-04-19","0.00",,"41","22"
"USW00014914","2021-04-20","0.00",,"38","17"
"USW00014914","2021-04-21","0.00",,"56","18"
"USW00014914","2021-04-22","0.00",,"65","30"
"USW00014914","2021-04-23","0.01",,"46","28"
"USW00014914","2021-04-24","0.00",,"48","18"
"USW00014914","2021-04-25","0.11",,"44","33"
"USW00014914","2021-04-26","0.01",,"52","35"
"USW00014914","2021-04-27","0.00",,"65","37"
"USW00014914","2021-04-28","0.02",,"73","40"
"USW00014914","2021-04-29","0.00",,"70","31"
"USW00014914","2021-04-30","0.00",,"63","34"
"USW00014914","2021-05-01","0.00",,"86","47"
"USW00014914","2021-05-02","0.00",,"78","48"
"USW00014914","2021-05-03","0.00",,"56","36"
"USW00014914","2021-05-04","0.00",,"56","26"
"USW00014914","2021-05-05","0.01",,"58","37"
"USW00014914","2021-05-06","0.00",,"65","28"
"USW00014914","2021-05-07","0.00",,"59","27"
"USW00014914","2021-05-08","0.00",,"61","33"
"USW00014914","2021-05-09","0.00",,"61","28"
"USW00014914","2021-05-10","0.00",,"58","29"
"USW00014914","2021-05-11","0.00",,"65","29"
"USW00014914","2021-05-12","0.00",,"72","39"
"USW00014914","2021-05-13","0.00",,"75","48"
"USW00014914","2021-05-14","0.00",,"70","47"
"USW00014914","2021-05-15","0.00",,"77","42"
"USW00014914","2021-05-16","0.00",,"84","49"
"USW00014914","2021-05-17","0.00",,"84","54"
"USW00014914","2021-05-18","0.00",,"80","57"
"USW00014914","2021-05-19","0.00",,"83","61"
"USW00014914","2021-05-20","0.21",,"79","57"
"USW00014914","2021-05-21","0.00",,"86","56"
"USW00014914","2021-05-22","0.00",,"58","51"
"USW00014914","2021-05-23","0.06",,"77","49"
"USW00014914","2021-05-24","0.00",,"86","57"
"USW00014914","2021-05-25","0.09",,"77","50"
"USW00014914","2021-05-26","0.00",,"56","39"
"USW00014914","2021-05-27","0.00",,"55","36"
"USW00014914","2021-05-28","0.00",,"66","31"
"USW00014914","2021-05-29","0.00",,"66","44"
"USW00014914","2021-05-30","0.00",,"79","48"
"USW00014914","2021-05-31","0.00",,"75","46"
"USW00014914","2021-06-01","0.00",,"83","46"
"USW00014914","2021-06-02","0.00",,"90","52"
"USW00014914","2021-06-03","0.00",,"97","58"
"USW00014914","2021-06-04","0.00",,"102","58"
"USW00014914","2021-06-05","0.00",,"100","63"
"USW00014914","2021-06-06","0.00",,"91","58"
"USW00014914","2021-06-07","0.91",,"92","48"
"USW00014914","2021-06-08","0.08",,"89","68"
"USW00014914","2021-06-09","0.00",,"94","75"
"USW00014914","2021-06-10","0.00",,"93","68"
"USW00014914","2021-06-11","1.20",,"83","57"
"USW00014914","2021-06-12","0.00",,"85","55"
"USW00014914","2021-06-13","0.00",,"85","59"
"USW00014914","2021-06-14","0.00",,"85","53"
"USW00014914","2021-06-15","0.00",,"82","52"
"USW00014914","2021-06-16","0.00",,"88","66"
"USW00014914","2021-06-17","0.00",,"89","57"
"USW00014914","2021-06-18","0.00",,"87","54"
"USW00014914","2021-06-19","0.00",,"82","49"
"USW00014914","2021-06-20","1.07",,"71","51"
"USW00014914","2021-06-21","0.00",,"66","47"
"USW00014914","2021-06-22","0.00",,"79","46"
"USW00014914","2021-06-23","0.00",,"92","59"
"USW00014914","2021-06-24","0.00",,"85","57"
"USW00014914","2021-06-25","0.00",,"82","60"
"USW00014914","2021-06-26","0.11",,"80","62"
"USW00014914","2021-06-27","0.03",,"85","57"
"USW00014914","2021-06-28","0.19",,"79","60"
"USW00014914","2021-06-29","0.00",,"84","57"
"USW00014914","2021-06-30","0.00",,"89","57"
"USW00014914","2021-07-01","0.00",,"90","62"
"USW00014914","2021-07-02","0.00",,"90","68"
"USW00014914","2021-07-03","0.00",,"92","69"
"USW00014914","2021-07-04","0.00",,"93","73"
"USW00014914","2021-07-05","0.00",,"90","65"
"USW00014914","2021-07-06","0.33",,"74","57"
"USW00014914","2021-07-07","0.00",,"73","56"
"USW00014914","2021-07-08","0.00",,"76","57"
"USW00014914","2021-07-09","0.00",,"79","56"
"USW00014914","2021-07-10","0.00",,"84","63"
"USW00014914","2021-07-11","0.00",,"86","57"
"USW00014914","2021-07-12","0.00",,"85","66"
"USW00014914","2021-07-13","0.00",,"85","61"
"USW00014914","2021-07-14","0.00",,"83","60"
"USW00014914","2021-07-15","0.00",,"87","56"
"USW00014914","2021-07-16","0.00",,"86","64"
"USW00014914","2021-07-17","0.00",,"86","62"
"USW00014914","2021-07-18","0.00",,"89","63"
"USW00014914","2021-07-19","0.30",,"88","66"
"USW00014914","2021-07-20","0.00",,"85","63"
"USW00014914","2021-07-21","0.00",,"88","72"
"USW00014914","2021-07-22","0.00",,"91","73"
"USW00014914","2021-07-23","0.00",,"96","75"
"USW00014914","2021-07-24","0.03",,"91","61"
"USW00014914","2021-07-25","0.00",,"91","57"
"USW00014914","2021-07-26","0.00",,"93","64"
"USW00014914","2021-07-27","0.00",,"91","65"
"USW00014914","2021-07-28","0.00",,"90","68"
"USW00014914","2021-07-29","0.00",,"84","55"
"USW00014914","2021-07-30","0.00",,"83","60"
"USW00014914","2021-07-31","0.00",,"85","57"
"USW00014914","2021-08-01","0.00",,"80","51"
"USW00014914","2021-08-02","0.00",,"86","52"
"USW00014914","2021-08-03","0.00",,"90","61"
"USW00014914","2021-08-04","0.00",,"81","65"
"USW00014914","2021-08-05","0.00",,"80","58"
"USW00014914","2021-08-06","0.00",,"81","52"
"USW00014914","2021-08-07","0.00",,"83","61"
"USW00014914","2021-08-08","0.00",,"87","65"
"USW00014914","2021-08-09","0.00",,"91","67"
"USW00014914","2021-08-10","0.00",,"90","62"
"USW00014914","2021-08-11","0.00",,"86","57"
"USW00014914","2021-08-12","0.00",,"81","52"
"USW00014914","2021-08-13","0.00",,"81","46"
"USW00014914","2021-08-14","0.00",,"96","58"
"USW00014914","2021-08-15","0.00",,"92","69"
"USW00014914","2021-08-16","0.00",,"92","68"
"USW00014914","2021-08-17","0.00",,"95","71"
"USW00014914","2021-08-18","0.00",,"96","73"
"USW00014914","2021-08-19","0.00",,"95","71"
"USW00014914","2021-08-20","1.29",,"80","63"
"USW00014914","2021-08-21","0.00",,"77","56"
"USW00014914","2021-08-22","0.00",,"74","56"
"USW00014914","2021-08-23","0.00",,"84","59"
"USW00014914","2021-08-24","0.26",,"84","63"
"USW00014914","2021-08-25","0.01",,"76","52"
"USW00014914","2021-08-26","0.53",,"68","57"
"USW00014914","2021-08-27","0.35",,"76","62"
"USW00014914","2021-08-28","0.41",,"76","64"
"USW00014914","2021-08-29","0.00",,"82","57"
"USW00014914","2021-08-30","0.00",,"83","52"
"USW00014914","2021-08-31","0.00",,"83","55"
"USW00014914","2021-09-01","0.00",,"80","60"
"USW00014914","2021-09-02","2.10",,"70","60"
"USW00014914","2021-09-03","0.02",,"76","59"
"USW00014914","2021-09-04","0.00",,"79","55"
"USW00014914","2021-09-05","0.00",,"76","49"
"USW00014914","2021-09-06","0.00",,"87","53"
"USW00014914","2021-09-07","0.00",,"78","53"
"USW00014914","2021-09-08","0.00",,"77","50"
"USW00014914","2021-09-09","0.00",,"77","45"
"USW00014914","2021-09-10","0.00",,"85","58"
"USW00014914","2021-09-11","0.00",,"72","56"
"USW00014914","2021-09-12","0.00",,"73","49"
"USW00014914","2021-09-13","0.37",,"67","54"
"USW00014914","2021-09-14","0.00",,"75","50"
"USW00014914","2021-09-15","0.00",,"77","47"
"USW00014914","2021-09-16","0.00",,"75","50"
"USW00014914","2021-09-17","0.00",,"70","45"
"USW00014914","2021-09-18","0.00",,"78","49"
"USW00014914","2021-09-19","0.00",,"83","67"
"USW00014914","2021-09-20","0.24",,"67","52"
"USW00014914","2021-09-21","0.00",,"67","47"
"USW00014914","2021-09-22","0.00",,"75","45"
"USW00014914","2021-09-23","0.00",,"77","51"
"USW00014914","2021-09-24","0.00",,"64","42"
"USW00014914","2021-09-25","0.00",,"77","41"
"USW00014914","2021-09-26","0.00",,"84","51"
"USW00014914","2021-09-27","0.00",,"80","44"
"USW00014914","2021-09-28","0.00",,"90","59"
"USW00014914","2021-09-29","0.00",,"88","65"
"USW00014914","2021-09-30","0.41",,"75","58"
"USW00014914","2021-10-01","0.20",,"67","55"
"USW00014914","2021-10-02","0.12",,"73","47"
"USW00014914","2021-10-03","0.00",,"76","42"
"USW00014914","2021-10-04","0.00",,"82","47"
"USW00014914","2021-10-05","0.00",,"81","55"
"USW00014914","2021-10-06","0.00",,"77","57"
"USW00014914","2021-10-07","0.00",,"77","58"
"USW00014914","2021-10-08","0.00",,"78","61"
"USW00014914","2021-10-09","1.00",,"68","58"
"USW00014914","2021-10-10","0.03",,"60","49"
"USW00014914","2021-10-11","0.00",,"66","40"
"USW00014914","2021-10-12","0.00",,"59","35"
"USW00014914","2021-10-13","0.85",,"59","49"
"USW00014914","2021-10-14","0.00",,"52","38"
"USW00014914","2021-10-15","0.03",,"49","37"
"USW00014914","2021-10-16","0.00",,"62","33"
"USW00014914","2021-10-17","0.00",,"68","34"
"USW00014914","2021-10-18","0.00",,"77","49"
"USW00014914","2021-10-19","0.00",,"57","41"
"USW00014914","2021-10-20","0.00",,"47","31"
"USW00014914","2021-10-21","0.00",,"46","25"
"USW00014914","2021-10-22","0.00",,"48","27"
"USW00014914","2021-10-23","0.00",,"50","23"
"USW00014914","2021-10-24","0.00",,"48","32"
"USW00014914","2021-10-25","0.00",,"53","30"
"USW00014914","2021-10-26","0.00",,"58","43"
"USW00014914","2021-10-27","0.73",,"52","46"
"USW00014914","2021-10-28","0.00",,"54","31"
"USW00014914","2021-10-29","0.00",,"57","28"
"USW00014914","2021-10-30","0.00",,"49","34"
"USW00014914","2021-10-31","0.00",,"46","29"
"USW00014914","2021-11-01","0.00",,"44","29"
"USW00014914","2021-11-02","0.00",,"42","23"
"USW00014914","2021-11-03","0.00",,"46","21"
"USW00014914","2021-11-04","0.00",,"53","27"
"USW00014914","2021-11-05","0.02",,"56","37"
"USW00014914","2021-11-06","0.00",,"62","36"
"USW00014914","2021-11-07","0.00",,"58","34"
"USW00014914","2021-11-08","0.00",,"53","29"
"USW00014914","2021-11-09","0.00",,"54","28"
"USW00014914","2021-11-10","0.70",,"47","40"
"USW00014914","2021-11-11","0.12",,"40","30"
"USW00014914","2021-11-12","0.07",,"30","27"
"USW00014914","2021-11-13","0.21",,"29","26"
"USW00014914","2021-11-14","0.00",,"26","23"
"USW00014914","2021-11-15","0.02",,"34","25"
"USW00014914","2021-11-16","0.00",,"41","34"
"USW00014914","2021-11-17","0.00",,"37","25"
"USW00014914","2021-11-18","0.00",,"31","20"
"USW00014914","2021-11-19","0.00",,"42","23"
"USW00014914","2021-11-20","0.00",,"39","21"
"USW00014914","2021-11-21","0.00",,"36","14"
"USW00014914","2021-11-22","0.00",,"36","15"
"USW00014914","2021-11-23","0.00",,"48","26"
"USW00014914","2021-11-24","0.00",,"30","7"
"USW00014914","2021-11-25","0.00",,"21","2"
"USW00014914","2021-11-26","0.00",,"34","21"
"USW00014914","2021-11-27","0.00",,"45","20"
"USW00014914","2021-11-28","0.00",,"36","17"
"USW00014914","2021-11-29","0.00",,"44","26"
"USW00014914","2021-11-30","0.07",,"37","26"
"USW00014914","2021-12-01","0.00",,"51","25"
"USW00014914","2021-12-02","0.13",,"39","28"
"USW00014914","2021-12-03","0.00",,"37","27"
"USW00014914","2021-12-04","0.12",,"30","25"
"USW00014914","2021-12-05","0.30",,"31","7"
"USW00014914","2021-12-06","0.00",,"7","-8"
"USW00014914","2021-12-07","0.00",,"15","2"
"USW00014914","2021-12-08","0.00",,"24","-2"
"USW00014914","2021-12-09","0.00",,"34","14"
"USW00014914","2021-12-10","0.00",,"30","13"
"USW00014914","2021-12-11","0.00",,"31","7"
"USW00014914","2021-12-12","0.00",,"38","25"
"USW00014914","2021-12-13","0.00",,"37","19"
"USW00014914","2021-12-14","0.00",,"38","34"
"USW00014914","2021-12-15","0.00",,"39","23"
"USW00014914","2021-12-16","0.04",,"23","2"
"USW00014914","2021-12-17","0.09",,"14","0"
"USW00014914","2021-12-18","0.00",,"13","0"
"USW00014914","2021-12-19","0.00",,"28","3"
"USW00014914","2021-12-20","0.00",,"20","2"
"USW00014914","2021-12-21","0.16",,"12","-2"
"USW00014914","2021-12-22","0.00",,"23","-2"
"USW00014914","2021-12-23","0.00",,"35","13"
"USW00014914","2021-12-24","0.00",,"35","4"
"USW00014914","2021-12-25","0.19",,"9","-2"
"USW00014914","2021-12-26","0.31",,"26","-9"
"USW00014914","2021-12-27","0.35",,"26","-12"
"USW00014914","2021-12-28","0.14",,"-3","-21"
"USW00014914","2021-12-29","0.00",,"-4","-26"
"USW00014914","2021-12-30","0.02",,"3","-9"
"USW00014914","2021-12-31","0.00",,"0","-25"
